,name,link
0,LEVI,https://www.estimize.com/levi
1,HELE,https://www.estimize.com/hele
2,ISCA,https://www.estimize.com/isca
3,EDU,https://www.estimize.com/edu
4,DPZ,https://www.estimize.com/dpz
5,TACO,https://www.estimize.com/taco
6,TTS,https://www.estimize.com/tts
7,NFLX,https://www.estimize.com/nflx
8,OMC,https://www.estimize.com/omc
9,LRN,https://www.estimize.com/lrn
10,EAT,https://www.estimize.com/eat
11,LAD,https://www.estimize.com/lad
12,WGO,https://www.estimize.com/wgo
13,TSLA,https://www.estimize.com/tsla
14,LVS,https://www.estimize.com/lvs
15,TSCO,https://www.estimize.com/tsco
16,IPG,https://www.estimize.com/ipg
17,CROX,https://www.estimize.com/crox
18,AN,https://www.estimize.com/an
19,GNC,https://www.estimize.com/gnc
20,GPC,https://www.estimize.com/gpc
21,NVR,https://www.estimize.com/nvr
22,POOL,https://www.estimize.com/pool
23,CMG,https://www.estimize.com/cmg
24,MAT,https://www.estimize.com/mat
25,WHR,https://www.estimize.com/whr
26,BJRI,https://www.estimize.com/bjri
27,VFC,https://www.estimize.com/vfc
28,ALV,https://www.estimize.com/alv
29,GNTX,https://www.estimize.com/gntx
30,DORM,https://www.estimize.com/dorm
31,LBY,https://www.estimize.com/lby
32,QSR,https://www.estimize.com/qsr
33,PETS,https://www.estimize.com/pets
34,MCRI,https://www.estimize.com/mcri
35,PII,https://www.estimize.com/pii
36,HAS,https://www.estimize.com/has
37,HZO,https://www.estimize.com/hzo
38,PHM,https://www.estimize.com/phm
39,AAN,https://www.estimize.com/aan
40,ABG,https://www.estimize.com/abg
41,DAN,https://www.estimize.com/dan
42,MMYT,https://www.estimize.com/mmyt
43,CETV,https://www.estimize.com/cetv
44,VNE,https://www.estimize.com/vne
45,BYD,https://www.estimize.com/byd
46,QS,https://www.estimize.com/qs
47,MCD,https://www.estimize.com/mcd
48,GM,https://www.estimize.com/gm
49,HOG,https://www.estimize.com/hog
50,GRMN,https://www.estimize.com/grmn
51,HLT,https://www.estimize.com/hlt
52,TNL,https://www.estimize.com/tnl
53,MNRO,https://www.estimize.com/mnro
54,SIX,https://www.estimize.com/six
55,PAG,https://www.estimize.com/pag
56,TMHC,https://www.estimize.com/tmhc
57,MHO,https://www.estimize.com/mho
58,MPX,https://www.estimize.com/mpx
59,F,https://www.estimize.com/f
60,IRBT,https://www.estimize.com/irbt
61,ORLY,https://www.estimize.com/orly
62,ALSN,https://www.estimize.com/alsn
63,CHDN,https://www.estimize.com/chdn
64,JAKK,https://www.estimize.com/jakk
65,SNBR,https://www.estimize.com/snbr
66,ETH,https://www.estimize.com/eth
67,NDLS,https://www.estimize.com/ndls
68,MTH,https://www.estimize.com/mth
69,YUMC,https://www.estimize.com/yumc
70,HABT,https://www.estimize.com/habt
71,ZVO,https://www.estimize.com/zvo
72,MORN,https://www.estimize.com/morn
73,CSV,https://www.estimize.com/csv
74,CCS,https://www.estimize.com/ccs
75,SCI,https://www.estimize.com/sci
76,MUSA,https://www.estimize.com/musa
77,SRI,https://www.estimize.com/sri
78,YUM,https://www.estimize.com/yum
79,CMCSA,https://www.estimize.com/cmcsa
80,DNKN,https://www.estimize.com/dnkn
81,SIRI,https://www.estimize.com/siri
82,IMAX,https://www.estimize.com/imax
83,BC,https://www.estimize.com/bc
84,OSTK,https://www.estimize.com/ostk
85,TPX,https://www.estimize.com/tpx
86,LKQ,https://www.estimize.com/lkq
87,STLA,https://www.estimize.com/stla
88,THRM,https://www.estimize.com/thrm
89,MDP,https://www.estimize.com/mdp
90,VC,https://www.estimize.com/vc
91,GPI,https://www.estimize.com/gpi
92,SAH,https://www.estimize.com/sah
93,MDC,https://www.estimize.com/mdc
94,SMP,https://www.estimize.com/smp
95,FLWS,https://www.estimize.com/flws
96,SONY,https://www.estimize.com/sony
97,NEWM,https://www.estimize.com/newm
98,ESCA,https://www.estimize.com/esca
99,SBUX,https://www.estimize.com/sbux
100,AMZN,https://www.estimize.com/amzn
101,DECK,https://www.estimize.com/deck
102,SKX,https://www.estimize.com/skx
103,TXRH,https://www.estimize.com/txrh
104,COLM,https://www.estimize.com/colm
105,MHK,https://www.estimize.com/mhk
106,LOPE,https://www.estimize.com/lope
107,BID,https://www.estimize.com/bid
108,HVT,https://www.estimize.com/hvt
109,FTDR,https://www.estimize.com/ftdr
110,RCL,https://www.estimize.com/rcl
111,CHTR,https://www.estimize.com/chtr
112,RUTH,https://www.estimize.com/ruth
113,NWL,https://www.estimize.com/nwl
114,CRI,https://www.estimize.com/cri
115,CTB,https://www.estimize.com/ctb
116,L,https://www.estimize.com/l
117,TTM,https://www.estimize.com/ttm
118,LEG,https://www.estimize.com/leg
119,CHGG,https://www.estimize.com/chgg
120,TA,https://www.estimize.com/ta
121,UAA,https://www.estimize.com/uaa
122,RL,https://www.estimize.com/rl
123,BLMN,https://www.estimize.com/blmn
124,LEA,https://www.estimize.com/lea
125,LGIH,https://www.estimize.com/lgih
126,BLD,https://www.estimize.com/bld
127,TMX,https://www.estimize.com/tmx
128,TSQ,https://www.estimize.com/tsq
129,IEP,https://www.estimize.com/iep
130,NXST,https://www.estimize.com/nxst
131,RACE,https://www.estimize.com/race
132,BGFV,https://www.estimize.com/bgfv
133,HRB,https://www.estimize.com/hrb
134,TCS,https://www.estimize.com/tcs
135,DENN,https://www.estimize.com/denn
136,MOD,https://www.estimize.com/mod
137,CZR,https://www.estimize.com/czr
138,BFAM,https://www.estimize.com/bfam
139,GIC,https://www.estimize.com/gic
140,RRR,https://www.estimize.com/rrr
141,CWH,https://www.estimize.com/cwh
142,CPRI,https://www.estimize.com/cpri
143,MAR,https://www.estimize.com/mar
144,DISCA,https://www.estimize.com/disca
145,BWA,https://www.estimize.com/bwa
146,NCLH,https://www.estimize.com/nclh
147,WING,https://www.estimize.com/wing
148,NYT,https://www.estimize.com/nyt
149,LL,https://www.estimize.com/ll
150,FUN,https://www.estimize.com/fun
151,SBGI,https://www.estimize.com/sbgi
152,SHOO,https://www.estimize.com/shoo
153,TUP,https://www.estimize.com/tup
154,VSI,https://www.estimize.com/vsi
155,ODP,https://www.estimize.com/odp
156,SUP,https://www.estimize.com/sup
157,MCS,https://www.estimize.com/mcs
158,TRK,https://www.estimize.com/trk
159,WLH,https://www.estimize.com/wlh
160,STGW,https://www.estimize.com/stgw
161,BKNG,https://www.estimize.com/bkng
162,ROKU,https://www.estimize.com/roku
163,MGM,https://www.estimize.com/mgm
164,CAKE,https://www.estimize.com/cake
165,H,https://www.estimize.com/h
166,RGR,https://www.estimize.com/rgr
167,FOXA,https://www.estimize.com/foxa
168,RCII,https://www.estimize.com/rcii
169,ATGE,https://www.estimize.com/atge
170,PBPB,https://www.estimize.com/pbpb
171,RVLV,https://www.estimize.com/rvlv
172,ACEL,https://www.estimize.com/acel
173,RGS,https://www.estimize.com/rgs
174,VIAC,https://www.estimize.com/viac
175,PZZA,https://www.estimize.com/pzza
176,DISH,https://www.estimize.com/dish
177,CHH,https://www.estimize.com/chh
178,PENN,https://www.estimize.com/penn
179,W,https://www.estimize.com/w
180,MBUU,https://www.estimize.com/mbuu
181,MSGN,https://www.estimize.com/msgn
182,PLNT,https://www.estimize.com/plnt
183,HBI,https://www.estimize.com/hbi
184,APTV,https://www.estimize.com/aptv
185,DIN,https://www.estimize.com/din
186,VSTO,https://www.estimize.com/vsto
187,GIL,https://www.estimize.com/gil
188,GTN,https://www.estimize.com/gtn
189,SHYF,https://www.estimize.com/shyf
190,STRA,https://www.estimize.com/stra
191,HZN,https://www.estimize.com/hzn
192,GOLF,https://www.estimize.com/golf
193,MDCA,https://www.estimize.com/mdca
194,HMHC,https://www.estimize.com/hmhc
195,BALY,https://www.estimize.com/baly
196,TM,https://www.estimize.com/tm
197,EXPE,https://www.estimize.com/expe
198,SHAK,https://www.estimize.com/shak
199,NWSA,https://www.estimize.com/nwsa
200,WW,https://www.estimize.com/ww
201,LGF-A,https://www.estimize.com/lgf-a
202,CHUY,https://www.estimize.com/chuy
203,WWE,https://www.estimize.com/wwe
204,PTON,https://www.estimize.com/pton
205,LOCO,https://www.estimize.com/loco
206,LYV,https://www.estimize.com/lyv
207,ABNB,https://www.estimize.com/abnb
208,MED,https://www.estimize.com/med
209,FOXF,https://www.estimize.com/foxf
210,EVC,https://www.estimize.com/evc
211,FND,https://www.estimize.com/fnd
212,PRDO,https://www.estimize.com/prdo
213,CVNA,https://www.estimize.com/cvna
214,UEIC,https://www.estimize.com/ueic
215,ATUS,https://www.estimize.com/atus
216,CABO,https://www.estimize.com/cabo
217,CVCO,https://www.estimize.com/cvco
218,GRPN,https://www.estimize.com/grpn
219,GT,https://www.estimize.com/gt
220,TEN,https://www.estimize.com/ten
221,GCI,https://www.estimize.com/gci
222,CNK,https://www.estimize.com/cnk
223,AMCX,https://www.estimize.com/amcx
224,AXL,https://www.estimize.com/axl
225,DKNG,https://www.estimize.com/dkng
226,SSP,https://www.estimize.com/ssp
227,HMTV,https://www.estimize.com/hmtv
228,GOOS,https://www.estimize.com/goos
229,HMC,https://www.estimize.com/hmc
230,MGA,https://www.estimize.com/mga
231,VAC,https://www.estimize.com/vac
232,TRIP,https://www.estimize.com/trip
233,AMC,https://www.estimize.com/amc
234,CLAR,https://www.estimize.com/clar
235,NCMI,https://www.estimize.com/ncmi
236,APEI,https://www.estimize.com/apei
237,TME,https://www.estimize.com/tme
238,REAL,https://www.estimize.com/real
239,VUZI,https://www.estimize.com/vuzi
240,MLCO,https://www.estimize.com/mlco
241,DHI,https://www.estimize.com/dhi
242,SEAS,https://www.estimize.com/seas
243,CCO,https://www.estimize.com/cco
244,PRTY,https://www.estimize.com/prty
245,APRN,https://www.estimize.com/aprn
246,MPAA,https://www.estimize.com/mpaa
247,HUYA,https://www.estimize.com/huya
248,AUD,https://www.estimize.com/aud
249,IGT,https://www.estimize.com/igt
250,PRPL,https://www.estimize.com/prpl
251,HGV,https://www.estimize.com/hgv
252,MSGE,https://www.estimize.com/msge
253,WYNN,https://www.estimize.com/wynn
254,ELY,https://www.estimize.com/ely
255,NLS,https://www.estimize.com/nls
256,SGMS,https://www.estimize.com/sgms
257,NIO,https://www.estimize.com/nio
258,ZAGG,https://www.estimize.com/zagg
259,MCHX,https://www.estimize.com/mchx
260,DASH,https://www.estimize.com/dash
261,GLBE,https://www.estimize.com/glbe
262,VRM,https://www.estimize.com/vrm
263,WEN,https://www.estimize.com/wen
264,WWW,https://www.estimize.com/www
265,TAST,https://www.estimize.com/tast
266,MSGS,https://www.estimize.com/msgs
267,FVRR,https://www.estimize.com/fvrr
268,MCFT,https://www.estimize.com/mcft
269,TPCO,https://www.estimize.com/tpco
270,ADNT,https://www.estimize.com/adnt
271,EYE,https://www.estimize.com/eye
272,DIS,https://www.estimize.com/dis
273,FOSL,https://www.estimize.com/fosl
274,RRGB,https://www.estimize.com/rrgb
275,STAY,https://www.estimize.com/stay
276,WISH,https://www.estimize.com/wish
277,TPR,https://www.estimize.com/tpr
278,VIAB,https://www.estimize.com/viab
279,DDS,https://www.estimize.com/dds
280,ICON,https://www.estimize.com/icon
281,SBH,https://www.estimize.com/sbh
282,YETI,https://www.estimize.com/yeti
283,FRGI,https://www.estimize.com/frgi
284,STON,https://www.estimize.com/ston
285,KRUS,https://www.estimize.com/krus
286,WMG,https://www.estimize.com/wmg
287,AAP,https://www.estimize.com/aap
288,SQBG,https://www.estimize.com/sqbg
289,HD,https://www.estimize.com/hd
290,ARMK,https://www.estimize.com/armk
291,JMIA,https://www.estimize.com/jmia
292,LZB,https://www.estimize.com/lzb
293,TGT,https://www.estimize.com/tgt
294,LOW,https://www.estimize.com/low
295,TJX,https://www.estimize.com/tjx
296,SCVL,https://www.estimize.com/scvl
297,CORE,https://www.estimize.com/core
298,CATO,https://www.estimize.com/cato
299,IQ,https://www.estimize.com/iq
300,MANU,https://www.estimize.com/manu
301,BBWI,https://www.estimize.com/bbwi
302,CRMT,https://www.estimize.com/crmt
303,HI,https://www.estimize.com/hi
304,SONO,https://www.estimize.com/sono
305,BABA,https://www.estimize.com/baba
306,JD,https://www.estimize.com/jd
307,M,https://www.estimize.com/m
308,KSS,https://www.estimize.com/kss
309,VIPS,https://www.estimize.com/vips
310,PLCE,https://www.estimize.com/plce
311,SSI,https://www.estimize.com/ssi
312,ATHM,https://www.estimize.com/athm
313,ROST,https://www.estimize.com/rost
314,WSM,https://www.estimize.com/wsm
315,CAL,https://www.estimize.com/cal
316,MATW,https://www.estimize.com/matw
317,FTCH,https://www.estimize.com/ftch
318,JCP,https://www.estimize.com/jcp
319,FL,https://www.estimize.com/fl
320,BKE,https://www.estimize.com/bke
321,ESGC,https://www.estimize.com/esgc
322,TOUR,https://www.estimize.com/tour
323,URBN,https://www.estimize.com/urbn
324,BBY,https://www.estimize.com/bby
325,DKS,https://www.estimize.com/dks
326,ANF,https://www.estimize.com/anf
327,JACK,https://www.estimize.com/jack
328,DLTR,https://www.estimize.com/dltr
329,AEO,https://www.estimize.com/aeo
330,GES,https://www.estimize.com/ges
331,CBRL,https://www.estimize.com/cbrl
332,BURL,https://www.estimize.com/burl
333,MOV,https://www.estimize.com/mov
334,XPEV,https://www.estimize.com/xpev
335,JWN,https://www.estimize.com/jwn
336,GPS,https://www.estimize.com/gps
337,HTHT,https://www.estimize.com/htht
338,PDD,https://www.estimize.com/pdd
339,TIF,https://www.estimize.com/tif
340,CHS,https://www.estimize.com/chs
341,CTRN,https://www.estimize.com/ctrn
342,GIII,https://www.estimize.com/giii
343,BBW,https://www.estimize.com/bbw
344,DOOO,https://www.estimize.com/dooo
345,FIVE,https://www.estimize.com/five
346,PVH,https://www.estimize.com/pvh
347,TLRD,https://www.estimize.com/tlrd
348,CULP,https://www.estimize.com/culp
349,DG,https://www.estimize.com/dg
350,SIG,https://www.estimize.com/sig
351,EXPR,https://www.estimize.com/expr
352,LE,https://www.estimize.com/le
353,KIRK,https://www.estimize.com/kirk
354,ULTA,https://www.estimize.com/ulta
355,SWBI,https://www.estimize.com/swbi
356,ZUMZ,https://www.estimize.com/zumz
357,OLLI,https://www.estimize.com/olli
358,TLYS,https://www.estimize.com/tlys
359,HIBB,https://www.estimize.com/hibb
360,BIG,https://www.estimize.com/big
361,GCO,https://www.estimize.com/gco
362,AZO,https://www.estimize.com/azo
363,DBI,https://www.estimize.com/dbi
364,CONN,https://www.estimize.com/conn
365,JW-A,https://www.estimize.com/jw-a
366,PLAY,https://www.estimize.com/play
367,TOL,https://www.estimize.com/tol
368,SFIX,https://www.estimize.com/sfix
369,THO,https://www.estimize.com/tho
370,VRA,https://www.estimize.com/vra
371,LOVE,https://www.estimize.com/love
372,GME,https://www.estimize.com/gme
373,RH,https://www.estimize.com/rh
374,SPWH,https://www.estimize.com/spwh
375,ASNA,https://www.estimize.com/asna
376,OXM,https://www.estimize.com/oxm
377,MIK,https://www.estimize.com/mik
378,HOV,https://www.estimize.com/hov
379,LULU,https://www.estimize.com/lulu
380,MTN,https://www.estimize.com/mtn
381,CHWY,https://www.estimize.com/chwy
382,JOUT,https://www.estimize.com/jout
383,JILL,https://www.estimize.com/jill
384,TCOM,https://www.estimize.com/tcom
385,LEN,https://www.estimize.com/len
386,APEX,https://www.estimize.com/apex
387,SCHL,https://www.estimize.com/schl
388,DRI,https://www.estimize.com/dri
389,WGO,https://www.estimize.com/wgo
390,CCL,https://www.estimize.com/ccl
391,NKE,https://www.estimize.com/nke
392,FRAN,https://www.estimize.com/fran
393,KMX,https://www.estimize.com/kmx
394,PEP,https://www.estimize.com/pep
395,STZ,https://www.estimize.com/stz
396,CAG,https://www.estimize.com/cag
397,LW,https://www.estimize.com/lw
398,WBA,https://www.estimize.com/wba
399,ACI,https://www.estimize.com/aci
400,PG,https://www.estimize.com/pg
401,PM,https://www.estimize.com/pm
402,WDFC,https://www.estimize.com/wdfc
403,PSMT,https://www.estimize.com/psmt
404,SAM,https://www.estimize.com/sam
405,KMB,https://www.estimize.com/kmb
406,JBSS,https://www.estimize.com/jbss
407,ADM,https://www.estimize.com/adm
408,USNA,https://www.estimize.com/usna
409,KO,https://www.estimize.com/ko
410,CHEF,https://www.estimize.com/chef
411,BG,https://www.estimize.com/bg
412,KHC,https://www.estimize.com/khc
413,PPC,https://www.estimize.com/ppc
414,MO,https://www.estimize.com/mo
415,HSY,https://www.estimize.com/hsy
416,KDP,https://www.estimize.com/kdp
417,TAP,https://www.estimize.com/tap
418,AVP,https://www.estimize.com/avp
419,BUD,https://www.estimize.com/bud
420,CL,https://www.estimize.com/cl
421,CHD,https://www.estimize.com/chd
422,CLX,https://www.estimize.com/clx
423,EL,https://www.estimize.com/el
424,INGR,https://www.estimize.com/ingr
425,HLF,https://www.estimize.com/hlf
426,MDLZ,https://www.estimize.com/mdlz
427,ANDE,https://www.estimize.com/ande
428,CVS,https://www.estimize.com/cvs
429,LANC,https://www.estimize.com/lanc
430,MGPI,https://www.estimize.com/mgpi
431,FDP,https://www.estimize.com/fdp
432,BREW,https://www.estimize.com/brew
433,NHTC,https://www.estimize.com/nhtc
434,UVV,https://www.estimize.com/uvv
435,ELF,https://www.estimize.com/elf
436,NUS,https://www.estimize.com/nus
437,K,https://www.estimize.com/k
438,XXII,https://www.estimize.com/xxii
439,PBH,https://www.estimize.com/pbh
440,NOMD,https://www.estimize.com/nomd
441,REYN,https://www.estimize.com/reyn
442,MNST,https://www.estimize.com/mnst
443,SFM,https://www.estimize.com/sfm
444,BGS,https://www.estimize.com/bgs
445,FARM,https://www.estimize.com/farm
446,VGR,https://www.estimize.com/vgr
447,THS,https://www.estimize.com/ths
448,COTY,https://www.estimize.com/coty
449,IPAR,https://www.estimize.com/ipar
450,FRPT,https://www.estimize.com/frpt
451,SYY,https://www.estimize.com/syy
452,TWNK,https://www.estimize.com/twnk
453,CCEP,https://www.estimize.com/ccep
454,HAIN,https://www.estimize.com/hain
455,DAR,https://www.estimize.com/dar
456,GO,https://www.estimize.com/go
457,COKE,https://www.estimize.com/coke
458,ENR,https://www.estimize.com/enr
459,STKL,https://www.estimize.com/stkl
460,PFGC,https://www.estimize.com/pfgc
461,BYND,https://www.estimize.com/bynd
462,SPTN,https://www.estimize.com/sptn
463,EPC,https://www.estimize.com/epc
464,CELH,https://www.estimize.com/celh
465,FLO,https://www.estimize.com/flo
466,SPB,https://www.estimize.com/spb
467,TSN,https://www.estimize.com/tsn
468,DFODQ,https://www.estimize.com/dfodq
469,JJSF,https://www.estimize.com/jjsf
470,WMT,https://www.estimize.com/wmt
471,BJ,https://www.estimize.com/bj
472,NGVC,https://www.estimize.com/ngvc
473,POST,https://www.estimize.com/post
474,BRBR,https://www.estimize.com/brbr
475,CENT,https://www.estimize.com/cent
476,SJM,https://www.estimize.com/sjm
477,KR,https://www.estimize.com/kr
478,CASY,https://www.estimize.com/casy
479,CPB,https://www.estimize.com/cpb
480,UNFI,https://www.estimize.com/unfi
481,HRL,https://www.estimize.com/hrl
482,FIZZ,https://www.estimize.com/fizz
483,COST,https://www.estimize.com/cost
484,IMKTA,https://www.estimize.com/imkta
485,CVGW,https://www.estimize.com/cvgw
486,GIS,https://www.estimize.com/gis
487,RAD,https://www.estimize.com/rad
488,FGP,https://www.estimize.com/fgp
489,GLOG,https://www.estimize.com/glog
490,HAL,https://www.estimize.com/hal
491,BKR,https://www.estimize.com/bkr
492,KMI,https://www.estimize.com/kmi
493,FTI,https://www.estimize.com/fti
494,HLX,https://www.estimize.com/hlx
495,VLO,https://www.estimize.com/vlo
496,EQM,https://www.estimize.com/eqm
497,SLB,https://www.estimize.com/slb
498,SPNX,https://www.estimize.com/spnx
499,ARLP,https://www.estimize.com/arlp
500,CEQP,https://www.estimize.com/ceqp
501,NOV,https://www.estimize.com/nov
502,RRC,https://www.estimize.com/rrc
503,NBR,https://www.estimize.com/nbr
504,MTDR,https://www.estimize.com/mtdr
505,CXO,https://www.estimize.com/cxo
506,NBL,https://www.estimize.com/nbl
507,RES,https://www.estimize.com/res
508,HES,https://www.estimize.com/hes
509,TGE,https://www.estimize.com/tge
510,OII,https://www.estimize.com/oii
511,CLB,https://www.estimize.com/clb
512,SU,https://www.estimize.com/su
513,NE,https://www.estimize.com/ne
514,WLL,https://www.estimize.com/wll
515,HOS,https://www.estimize.com/hos
516,AR,https://www.estimize.com/ar
517,EQT,https://www.estimize.com/eqt
518,QEP,https://www.estimize.com/qep
519,CNX,https://www.estimize.com/cnx
520,PTEN,https://www.estimize.com/pten
521,PBF,https://www.estimize.com/pbf
522,SM,https://www.estimize.com/sm
523,DRQ,https://www.estimize.com/drq
524,MR,https://www.estimize.com/mr
525,INT,https://www.estimize.com/int
526,ASPN,https://www.estimize.com/aspn
527,CRC,https://www.estimize.com/crc
528,XOM,https://www.estimize.com/xom
529,CVX,https://www.estimize.com/cvx
530,PSX,https://www.estimize.com/psx
531,PSXP,https://www.estimize.com/psxp
532,CCJ,https://www.estimize.com/ccj
533,CIVI,https://www.estimize.com/civi
534,IMO,https://www.estimize.com/imo
535,DO,https://www.estimize.com/do
536,OIS,https://www.estimize.com/ois
537,RIG,https://www.estimize.com/rig
538,WMB,https://www.estimize.com/wmb
539,FANG,https://www.estimize.com/fang
540,CRZO,https://www.estimize.com/crzo
541,TTI,https://www.estimize.com/tti
542,GTE,https://www.estimize.com/gte
543,MDR,https://www.estimize.com/mdr
544,COP,https://www.estimize.com/cop
545,MPC,https://www.estimize.com/mpc
546,EPD,https://www.estimize.com/epd
547,MMP,https://www.estimize.com/mmp
548,MPLX,https://www.estimize.com/mplx
549,HEP,https://www.estimize.com/hep
550,ICD,https://www.estimize.com/icd
551,DVN,https://www.estimize.com/dvn
552,OVV,https://www.estimize.com/ovv
553,DHT,https://www.estimize.com/dht
554,WTI,https://www.estimize.com/wti
555,CRK,https://www.estimize.com/crk
556,LPI,https://www.estimize.com/lpi
557,NR,https://www.estimize.com/nr
558,PAA,https://www.estimize.com/paa
559,PAGP,https://www.estimize.com/pagp
560,PUMP,https://www.estimize.com/pump
561,DCP,https://www.estimize.com/dcp
562,VAL,https://www.estimize.com/val
563,COG,https://www.estimize.com/cog
564,HFC,https://www.estimize.com/hfc
565,CVIA,https://www.estimize.com/cvia
566,CTRA,https://www.estimize.com/ctra
567,CVE,https://www.estimize.com/cve
568,MRO,https://www.estimize.com/mro
569,APA,https://www.estimize.com/apa
570,PXD,https://www.estimize.com/pxd
571,SRCI,https://www.estimize.com/srci
572,SWN,https://www.estimize.com/swn
573,CLR,https://www.estimize.com/clr
574,WPX,https://www.estimize.com/wpx
575,CPE,https://www.estimize.com/cpe
576,ET,https://www.estimize.com/et
577,TALO,https://www.estimize.com/talo
578,REGI,https://www.estimize.com/regi
579,CDEV,https://www.estimize.com/cdev
580,CKH,https://www.estimize.com/ckh
581,TS,https://www.estimize.com/ts
582,PDCE,https://www.estimize.com/pdce
583,DNR,https://www.estimize.com/dnr
584,TK,https://www.estimize.com/tk
585,LNG,https://www.estimize.com/lng
586,MUR,https://www.estimize.com/mur
587,TNK,https://www.estimize.com/tnk
588,TRGP,https://www.estimize.com/trgp
589,GPRE,https://www.estimize.com/gpre
590,NS,https://www.estimize.com/ns
591,GEL,https://www.estimize.com/gel
592,GLOG,https://www.estimize.com/glog
593,CQP,https://www.estimize.com/cqp
594,FET,https://www.estimize.com/fet
595,OXY,https://www.estimize.com/oxy
596,EOG,https://www.estimize.com/eog
597,CLNE,https://www.estimize.com/clne
598,DK,https://www.estimize.com/dk
599,DKL,https://www.estimize.com/dkl
600,SEMG,https://www.estimize.com/semg
601,EURN,https://www.estimize.com/eurn
602,NOG,https://www.estimize.com/nog
603,CLMT,https://www.estimize.com/clmt
604,TRP,https://www.estimize.com/trp
605,BTE,https://www.estimize.com/bte
606,GLP,https://www.estimize.com/glp
607,NRP,https://www.estimize.com/nrp
608,XPRO,https://www.estimize.com/xpro
609,KOS,https://www.estimize.com/kos
610,MTRX,https://www.estimize.com/mtrx
611,NEX,https://www.estimize.com/nex
612,OAS,https://www.estimize.com/oas
613,XEC,https://www.estimize.com/xec
614,GLNG,https://www.estimize.com/glng
615,UNT,https://www.estimize.com/unt
616,PE,https://www.estimize.com/pe
617,ALTO,https://www.estimize.com/alto
618,NGL,https://www.estimize.com/ngl
619,WES,https://www.estimize.com/wes
620,SFL,https://www.estimize.com/sfl
621,ASC,https://www.estimize.com/asc
622,TRMD,https://www.estimize.com/trmd
623,HPR,https://www.estimize.com/hpr
624,SPH,https://www.estimize.com/sph
625,STNG,https://www.estimize.com/stng
626,RNET,https://www.estimize.com/rnet
627,NGS,https://www.estimize.com/ngs
628,TCP,https://www.estimize.com/tcp
629,CRRT,https://www.estimize.com/crrt
630,AXAS,https://www.estimize.com/axas
631,AREX,https://www.estimize.com/arex
632,HP,https://www.estimize.com/hp
633,GEOS,https://www.estimize.com/geos
634,NAT,https://www.estimize.com/nat
635,FGP,https://www.estimize.com/fgp
636,GPOR,https://www.estimize.com/gpor
637,JPM,https://www.estimize.com/jpm
638,BLK,https://www.estimize.com/blk
639,BAC,https://www.estimize.com/bac
640,WFC,https://www.estimize.com/wfc
641,C,https://www.estimize.com/c
642,MS,https://www.estimize.com/ms
643,USB,https://www.estimize.com/usb
644,STI,https://www.estimize.com/sti
645,ETFC,https://www.estimize.com/etfc
646,GS,https://www.estimize.com/gs
647,PNC,https://www.estimize.com/pnc
648,TFC,https://www.estimize.com/tfc
649,SCHW,https://www.estimize.com/schw
650,FLY,https://www.estimize.com/fly
651,STT,https://www.estimize.com/stt
652,BK,https://www.estimize.com/bk
653,SYF,https://www.estimize.com/syf
654,TRV,https://www.estimize.com/trv
655,IBKR,https://www.estimize.com/ibkr
656,NDAQ,https://www.estimize.com/ndaq
657,NTRS,https://www.estimize.com/ntrs
658,CMA,https://www.estimize.com/cma
659,CTBI,https://www.estimize.com/ctbi
660,BOKF,https://www.estimize.com/bokf
661,FCFS,https://www.estimize.com/fcfs
662,LM,https://www.estimize.com/lm
663,CFG,https://www.estimize.com/cfg
664,MKTX,https://www.estimize.com/mktx
665,DFS,https://www.estimize.com/dfs
666,SEIC,https://www.estimize.com/seic
667,GL,https://www.estimize.com/gl
668,SLM,https://www.estimize.com/slm
669,CNS,https://www.estimize.com/cns
670,RLI,https://www.estimize.com/rli
671,ALLY,https://www.estimize.com/ally
672,HOMB,https://www.estimize.com/homb
673,MMC,https://www.estimize.com/mmc
674,BX,https://www.estimize.com/bx
675,STBA,https://www.estimize.com/stba
676,FAF,https://www.estimize.com/faf
677,CHCO,https://www.estimize.com/chco
678,SIVB,https://www.estimize.com/sivb
679,WRB,https://www.estimize.com/wrb
680,AXP,https://www.estimize.com/axp
681,LKFN,https://www.estimize.com/lkfn
682,PRK,https://www.estimize.com/prk
683,AMTD,https://www.estimize.com/amtd
684,BRO,https://www.estimize.com/bro
685,RNR,https://www.estimize.com/rnr
686,SPGI,https://www.estimize.com/spgi
687,MSCI,https://www.estimize.com/msci
688,CIT,https://www.estimize.com/cit
689,WRLD,https://www.estimize.com/wrld
690,IVZ,https://www.estimize.com/ivz
691,COF,https://www.estimize.com/cof
692,AMP,https://www.estimize.com/amp
693,NAVI,https://www.estimize.com/navi
694,CB,https://www.estimize.com/cb
695,PFG,https://www.estimize.com/pfg
696,APAM,https://www.estimize.com/apam
697,HOOD,https://www.estimize.com/hood
698,CME,https://www.estimize.com/cme
699,CLGX,https://www.estimize.com/clgx
700,EVR,https://www.estimize.com/evr
701,SF,https://www.estimize.com/sf
702,LC,https://www.estimize.com/lc
703,AFL,https://www.estimize.com/afl
704,RJF,https://www.estimize.com/rjf
705,MC,https://www.estimize.com/mc
706,AMSF,https://www.estimize.com/amsf
707,CNO,https://www.estimize.com/cno
708,AXS,https://www.estimize.com/axs
709,THG,https://www.estimize.com/thg
710,STC,https://www.estimize.com/stc
711,JOE,https://www.estimize.com/joe
712,GSHD,https://www.estimize.com/gshd
713,ACGL,https://www.estimize.com/acgl
714,MCO,https://www.estimize.com/mco
715,ICE,https://www.estimize.com/ice
716,TREE,https://www.estimize.com/tree
717,TROW,https://www.estimize.com/trow
718,CBRE,https://www.estimize.com/cbre
719,HBAN,https://www.estimize.com/hban
720,WLTW,https://www.estimize.com/wltw
721,CG,https://www.estimize.com/cg
722,TW,https://www.estimize.com/tw
723,JHG,https://www.estimize.com/jhg
724,COOP,https://www.estimize.com/coop
725,CODI,https://www.estimize.com/codi
726,AX,https://www.estimize.com/ax
727,AJG,https://www.estimize.com/ajg
728,FHI,https://www.estimize.com/fhi
729,LPLA,https://www.estimize.com/lpla
730,HLI,https://www.estimize.com/hli
731,KMPR,https://www.estimize.com/kmpr
732,OCFC,https://www.estimize.com/ocfc
733,ERIE,https://www.estimize.com/erie
734,TBNK,https://www.estimize.com/tbnk
735,ABCB,https://www.estimize.com/abcb
736,CBOE,https://www.estimize.com/cboe
737,WETF,https://www.estimize.com/wetf
738,AON,https://www.estimize.com/aon
739,LAZ,https://www.estimize.com/laz
740,PIPR,https://www.estimize.com/pipr
741,COWN,https://www.estimize.com/cown
742,DCOM,https://www.estimize.com/dcom
743,BFIN,https://www.estimize.com/bfin
744,NMR,https://www.estimize.com/nmr
745,BEN,https://www.estimize.com/ben
746,AMG,https://www.estimize.com/amg
747,CNA,https://www.estimize.com/cna
748,CACC,https://www.estimize.com/cacc
749,KKR,https://www.estimize.com/kkr
750,WDR,https://www.estimize.com/wdr
751,HLNE,https://www.estimize.com/hlne
752,GNW,https://www.estimize.com/gnw
753,PRU,https://www.estimize.com/pru
754,UNM,https://www.estimize.com/unm
755,AIZ,https://www.estimize.com/aiz
756,FNF,https://www.estimize.com/fnf
757,NMIH,https://www.estimize.com/nmih
758,RM,https://www.estimize.com/rm
759,MCY,https://www.estimize.com/mcy
760,VOYA,https://www.estimize.com/voya
761,PGR,https://www.estimize.com/pgr
762,JLL,https://www.estimize.com/jll
763,BGCP,https://www.estimize.com/bgcp
764,BIP,https://www.estimize.com/bip
765,MET,https://www.estimize.com/met
766,MTG,https://www.estimize.com/mtg
767,SCU,https://www.estimize.com/scu
768,ECPG,https://www.estimize.com/ecpg
769,LNC,https://www.estimize.com/lnc
770,GHL,https://www.estimize.com/ghl
771,TRUP,https://www.estimize.com/trup
772,SAFT,https://www.estimize.com/saft
773,SSSS,https://www.estimize.com/ssss
774,FG,https://www.estimize.com/fg
775,HMN,https://www.estimize.com/hmn
776,EQH,https://www.estimize.com/eqh
777,ALL,https://www.estimize.com/all
778,WD,https://www.estimize.com/wd
779,STFC,https://www.estimize.com/stfc
780,FFG,https://www.estimize.com/ffg
781,ASPS,https://www.estimize.com/asps
782,CS,https://www.estimize.com/cs
783,UFCS,https://www.estimize.com/ufcs
784,FOCS,https://www.estimize.com/focs
785,GDOT,https://www.estimize.com/gdot
786,MAIN,https://www.estimize.com/main
787,HRTG,https://www.estimize.com/hrtg
788,PFSI,https://www.estimize.com/pfsi
789,RGA,https://www.estimize.com/rga
790,HHC,https://www.estimize.com/hhc
791,RKT,https://www.estimize.com/rkt
792,TPL,https://www.estimize.com/tpl
793,SFE,https://www.estimize.com/sfe
794,AMRK,https://www.estimize.com/amrk
795,AGO,https://www.estimize.com/ago
796,ESNT,https://www.estimize.com/esnt
797,MMI,https://www.estimize.com/mmi
798,LTS,https://www.estimize.com/lts
799,NMRK,https://www.estimize.com/nmrk
800,BRK-B,https://www.estimize.com/brk-b
801,EHTH,https://www.estimize.com/ehth
802,PSEC,https://www.estimize.com/psec
803,OCN,https://www.estimize.com/ocn
804,ONDK,https://www.estimize.com/ondk
805,PRAA,https://www.estimize.com/praa
806,PRI,https://www.estimize.com/pri
807,AEL,https://www.estimize.com/ael
808,PRA,https://www.estimize.com/pra
809,FNHC,https://www.estimize.com/fnhc
810,LMND,https://www.estimize.com/lmnd
811,HCI,https://www.estimize.com/hci
812,AAIC,https://www.estimize.com/aaic
813,CNNE,https://www.estimize.com/cnne
814,UPST,https://www.estimize.com/upst
815,SOFI,https://www.estimize.com/sofi
816,FLY,https://www.estimize.com/fly
817,UIHC,https://www.estimize.com/uihc
818,QFIN,https://www.estimize.com/qfin
819,OCSL,https://www.estimize.com/ocsl
820,EZPW,https://www.estimize.com/ezpw
821,PNNT,https://www.estimize.com/pnnt
822,RMAX,https://www.estimize.com/rmax
823,EV,https://www.estimize.com/ev
824,FUTU,https://www.estimize.com/futu
825,SNEX,https://www.estimize.com/snex
826,TLRY,https://www.estimize.com/tlry
827,UNH,https://www.estimize.com/unh
828,JNJ,https://www.estimize.com/jnj
829,ISRG,https://www.estimize.com/isrg
830,BIIB,https://www.estimize.com/biib
831,ABT,https://www.estimize.com/abt
832,CYOU,https://www.estimize.com/cyou
833,ANTM,https://www.estimize.com/antm
834,THC,https://www.estimize.com/thc
835,DGX,https://www.estimize.com/dgx
836,IQV,https://www.estimize.com/iqv
837,HCA,https://www.estimize.com/hca
838,QURE,https://www.estimize.com/qure
839,HSTM,https://www.estimize.com/hstm
840,UHS,https://www.estimize.com/uhs
841,MEDP,https://www.estimize.com/medp
842,LLY,https://www.estimize.com/lly
843,CNC,https://www.estimize.com/cnc
844,MDSO,https://www.estimize.com/mdso
845,NVS,https://www.estimize.com/nvs
846,MYOV,https://www.estimize.com/myov
847,INMD,https://www.estimize.com/inmd
848,MASI,https://www.estimize.com/masi
849,TEVA,https://www.estimize.com/teva
850,BMY,https://www.estimize.com/bmy
851,AGN,https://www.estimize.com/agn
852,BSX,https://www.estimize.com/bsx
853,TMO,https://www.estimize.com/tmo
854,ALKS,https://www.estimize.com/alks
855,WCG,https://www.estimize.com/wcg
856,MNTA,https://www.estimize.com/mnta
857,MDCO,https://www.estimize.com/mdco
858,ALGN,https://www.estimize.com/algn
859,EW,https://www.estimize.com/ew
860,TDOC,https://www.estimize.com/tdoc
861,BMRN,https://www.estimize.com/bmrn
862,CYH,https://www.estimize.com/cyh
863,VAR,https://www.estimize.com/var
864,MOH,https://www.estimize.com/moh
865,EHC,https://www.estimize.com/ehc
866,ENSG,https://www.estimize.com/ensg
867,CNMD,https://www.estimize.com/cnmd
868,IVC,https://www.estimize.com/ivc
869,PPD,https://www.estimize.com/ppd
870,INVA,https://www.estimize.com/inva
871,IMMU,https://www.estimize.com/immu
872,CELG,https://www.estimize.com/celg
873,MRK,https://www.estimize.com/mrk
874,ALXN,https://www.estimize.com/alxn
875,MD,https://www.estimize.com/md
876,BAX,https://www.estimize.com/bax
877,LH,https://www.estimize.com/lh
878,ALNY,https://www.estimize.com/alny
879,TFX,https://www.estimize.com/tfx
880,WST,https://www.estimize.com/wst
881,ITGR,https://www.estimize.com/itgr
882,RGEN,https://www.estimize.com/rgen
883,NVCR,https://www.estimize.com/nvcr
884,INSM,https://www.estimize.com/insm
885,BPMC,https://www.estimize.com/bpmc
886,TAK,https://www.estimize.com/tak
887,SNY,https://www.estimize.com/sny
888,ABMD,https://www.estimize.com/abmd
889,GILD,https://www.estimize.com/gild
890,SYK,https://www.estimize.com/syk
891,OPK,https://www.estimize.com/opk
892,DXCM,https://www.estimize.com/dxcm
893,RMD,https://www.estimize.com/rmd
894,SGEN,https://www.estimize.com/sgen
895,DVA,https://www.estimize.com/dva
896,NXGN,https://www.estimize.com/nxgn
897,MMSI,https://www.estimize.com/mmsi
898,ACHC,https://www.estimize.com/achc
899,BIO,https://www.estimize.com/bio
900,LMAT,https://www.estimize.com/lmat
901,CHE,https://www.estimize.com/che
902,VCRA,https://www.estimize.com/vcra
903,PTCT,https://www.estimize.com/ptct
904,TVTX,https://www.estimize.com/tvtx
905,AVTR,https://www.estimize.com/avtr
906,TARO,https://www.estimize.com/taro
907,CDNA,https://www.estimize.com/cdna
908,ABBV,https://www.estimize.com/abbv
909,CERN,https://www.estimize.com/cern
910,IMGN,https://www.estimize.com/imgn
911,HMSY,https://www.estimize.com/hmsy
912,HEXO,https://www.estimize.com/hexo
913,GHDX,https://www.estimize.com/ghdx
914,ANIP,https://www.estimize.com/anip
915,HOLX,https://www.estimize.com/holx
916,MCK,https://www.estimize.com/mck
917,NBIX,https://www.estimize.com/nbix
918,BRKR,https://www.estimize.com/brkr
919,ADUS,https://www.estimize.com/adus
920,PNTG,https://www.estimize.com/pntg
921,BHC,https://www.estimize.com/bhc
922,PFE,https://www.estimize.com/pfe
923,IDXX,https://www.estimize.com/idxx
924,INCY,https://www.estimize.com/incy
925,WAT,https://www.estimize.com/wat
926,PINC,https://www.estimize.com/pinc
927,HSIC,https://www.estimize.com/hsic
928,IART,https://www.estimize.com/iart
929,OMCL,https://www.estimize.com/omcl
930,TECH,https://www.estimize.com/tech
931,GLYC,https://www.estimize.com/glyc
932,INFI,https://www.estimize.com/infi
933,CTLT,https://www.estimize.com/ctlt
934,FMS,https://www.estimize.com/fms
935,AVNS,https://www.estimize.com/avns
936,SAGE,https://www.estimize.com/sage
937,EOLS,https://www.estimize.com/eols
938,RCM,https://www.estimize.com/rcm
939,MYGN,https://www.estimize.com/mygn
940,AMGN,https://www.estimize.com/amgn
941,EXAS,https://www.estimize.com/exas
942,VRTX,https://www.estimize.com/vrtx
943,EXEL,https://www.estimize.com/exel
944,AMED,https://www.estimize.com/amed
945,HALO,https://www.estimize.com/halo
946,PKI,https://www.estimize.com/pki
947,TVTY,https://www.estimize.com/tvty
948,STE,https://www.estimize.com/ste
949,CERS,https://www.estimize.com/cers
950,RIGL,https://www.estimize.com/rigl
951,RARE,https://www.estimize.com/rare
952,PACB,https://www.estimize.com/pacb
953,MGNX,https://www.estimize.com/mgnx
954,INSP,https://www.estimize.com/insp
955,SGRY,https://www.estimize.com/sgry
956,ZYXI,https://www.estimize.com/zyxi
957,XENT,https://www.estimize.com/xent
958,UTHR,https://www.estimize.com/uthr
959,AGIO,https://www.estimize.com/agio
960,HUM,https://www.estimize.com/hum
961,AMRN,https://www.estimize.com/amrn
962,ICPT,https://www.estimize.com/icpt
963,HZNP,https://www.estimize.com/hznp
964,IONS,https://www.estimize.com/ions
965,CLVS,https://www.estimize.com/clvs
966,BDSI,https://www.estimize.com/bdsi
967,PCRX,https://www.estimize.com/pcrx
968,CRL,https://www.estimize.com/crl
969,AMRX,https://www.estimize.com/amrx
970,OMI,https://www.estimize.com/omi
971,KPTI,https://www.estimize.com/kpti
972,BCRX,https://www.estimize.com/bcrx
973,SYNH,https://www.estimize.com/synh
974,AACH,https://www.estimize.com/aach
975,CHNG,https://www.estimize.com/chng
976,LIVN,https://www.estimize.com/livn
977,NVO,https://www.estimize.com/nvo
978,ARVN,https://www.estimize.com/arvn
979,SRPT,https://www.estimize.com/srpt
980,LCI,https://www.estimize.com/lci
981,EVH,https://www.estimize.com/evh
982,BEAT,https://www.estimize.com/beat
983,CFMS,https://www.estimize.com/cfms
984,ICUI,https://www.estimize.com/icui
985,CORT,https://www.estimize.com/cort
986,SUPN,https://www.estimize.com/supn
987,VNDA,https://www.estimize.com/vnda
988,OSUR,https://www.estimize.com/osur
989,ICLR,https://www.estimize.com/iclr
990,TNDM,https://www.estimize.com/tndm
991,ELGX,https://www.estimize.com/elgx
992,ARAY,https://www.estimize.com/aray
993,LUMO,https://www.estimize.com/lumo
994,CCRN,https://www.estimize.com/ccrn
995,ATRC,https://www.estimize.com/atrc
996,PEN,https://www.estimize.com/pen
997,CYTK,https://www.estimize.com/cytk
998,QGEN,https://www.estimize.com/qgen
999,TTPH,https://www.estimize.com/ttph
1000,LXRX,https://www.estimize.com/lxrx
1001,PETQ,https://www.estimize.com/petq
1002,PRAH,https://www.estimize.com/prah
1003,TBPH,https://www.estimize.com/tbph
1004,CUTR,https://www.estimize.com/cutr
1005,ONEM,https://www.estimize.com/onem
1006,NVST,https://www.estimize.com/nvst
1007,TXG,https://www.estimize.com/txg
1008,CRSP,https://www.estimize.com/crsp
1009,LHCG,https://www.estimize.com/lhcg
1010,REGN,https://www.estimize.com/regn
1011,ZBH,https://www.estimize.com/zbh
1012,CI,https://www.estimize.com/ci
1013,BDX,https://www.estimize.com/bdx
1014,ABC,https://www.estimize.com/abc
1015,ZTS,https://www.estimize.com/zts
1016,XRAY,https://www.estimize.com/xray
1017,MRNA,https://www.estimize.com/mrna
1018,LJPC,https://www.estimize.com/ljpc
1019,OPCH,https://www.estimize.com/opch
1020,TGTX,https://www.estimize.com/tgtx
1021,NEO,https://www.estimize.com/neo
1022,IRWD,https://www.estimize.com/irwd
1023,HSKA,https://www.estimize.com/hska
1024,SLRX,https://www.estimize.com/slrx
1025,GTS,https://www.estimize.com/gts
1026,USPH,https://www.estimize.com/usph
1027,ADAP,https://www.estimize.com/adap
1028,CBM,https://www.estimize.com/cbm
1029,CMRX,https://www.estimize.com/cmrx
1030,BLI,https://www.estimize.com/bli
1031,MLAB,https://www.estimize.com/mlab
1032,SGMO,https://www.estimize.com/sgmo
1033,ILMN,https://www.estimize.com/ilmn
1034,NKTR,https://www.estimize.com/nktr
1035,ASRT,https://www.estimize.com/asrt
1036,NVAX,https://www.estimize.com/nvax
1037,ENDP,https://www.estimize.com/endp
1038,GMED,https://www.estimize.com/gmed
1039,AMN,https://www.estimize.com/amn
1040,MDRX,https://www.estimize.com/mdrx
1041,PODD,https://www.estimize.com/podd
1042,TTOO,https://www.estimize.com/ttoo
1043,QDEL,https://www.estimize.com/qdel
1044,ARNA,https://www.estimize.com/arna
1045,EBS,https://www.estimize.com/ebs
1046,BKD,https://www.estimize.com/bkd
1047,DVAX,https://www.estimize.com/dvax
1048,SEM,https://www.estimize.com/sem
1049,COLL,https://www.estimize.com/coll
1050,MTD,https://www.estimize.com/mtd
1051,ONCE,https://www.estimize.com/once
1052,CRY,https://www.estimize.com/cry
1053,NTUS,https://www.estimize.com/ntus
1054,OTEX,https://www.estimize.com/otex
1055,INGN,https://www.estimize.com/ingn
1056,ANIK,https://www.estimize.com/anik
1057,PBYI,https://www.estimize.com/pbyi
1058,PRTA,https://www.estimize.com/prta
1059,GNMK,https://www.estimize.com/gnmk
1060,GKOS,https://www.estimize.com/gkos
1061,CTSO,https://www.estimize.com/ctso
1062,ZGNX,https://www.estimize.com/zgnx
1063,IRTC,https://www.estimize.com/irtc
1064,STML,https://www.estimize.com/stml
1065,GBT,https://www.estimize.com/gbt
1066,FATE,https://www.estimize.com/fate
1067,PGNY,https://www.estimize.com/pgny
1068,AERI,https://www.estimize.com/aeri
1069,NTRA,https://www.estimize.com/ntra
1070,GH,https://www.estimize.com/gh
1071,BGNE,https://www.estimize.com/bgne
1072,CVET,https://www.estimize.com/cvet
1073,EIDX,https://www.estimize.com/eidx
1074,DNLI,https://www.estimize.com/dnli
1075,XLRN,https://www.estimize.com/xlrn
1076,VSTM,https://www.estimize.com/vstm
1077,HRC,https://www.estimize.com/hrc
1078,ELAN,https://www.estimize.com/elan
1079,CGC,https://www.estimize.com/cgc
1080,BLUE,https://www.estimize.com/blue
1081,VTRS,https://www.estimize.com/vtrs
1082,PTLA,https://www.estimize.com/ptla
1083,TLGT,https://www.estimize.com/tlgt
1084,AVDL,https://www.estimize.com/avdl
1085,MRTX,https://www.estimize.com/mrtx
1086,RDUS,https://www.estimize.com/rdus
1087,RETA,https://www.estimize.com/reta
1088,RDNT,https://www.estimize.com/rdnt
1089,BEAM,https://www.estimize.com/beam
1090,VBIV,https://www.estimize.com/vbiv
1091,KDNY,https://www.estimize.com/kdny
1092,ACAD,https://www.estimize.com/acad
1093,NVTA,https://www.estimize.com/nvta
1094,CARA,https://www.estimize.com/cara
1095,LMNX,https://www.estimize.com/lmnx
1096,NVRO,https://www.estimize.com/nvro
1097,FLDM,https://www.estimize.com/fldm
1098,XNCR,https://www.estimize.com/xncr
1099,AMPH,https://www.estimize.com/amph
1100,ZIOP,https://www.estimize.com/ziop
1101,SDC,https://www.estimize.com/sdc
1102,SWAV,https://www.estimize.com/swav
1103,ALLK,https://www.estimize.com/allk
1104,HAE,https://www.estimize.com/hae
1105,CAH,https://www.estimize.com/cah
1106,MNK,https://www.estimize.com/mnk
1107,EPZM,https://www.estimize.com/epzm
1108,AGTC,https://www.estimize.com/agtc
1109,FOLD,https://www.estimize.com/fold
1110,AGEN,https://www.estimize.com/agen
1111,ITCI,https://www.estimize.com/itci
1112,MLNT,https://www.estimize.com/mlnt
1113,DPLO,https://www.estimize.com/dplo
1114,EGRX,https://www.estimize.com/egrx
1115,ISEE,https://www.estimize.com/isee
1116,OXFD,https://www.estimize.com/oxfd
1117,BNTX,https://www.estimize.com/bntx
1118,CSII,https://www.estimize.com/csii
1119,VTVT,https://www.estimize.com/vtvt
1120,OMER,https://www.estimize.com/omer
1121,JAZZ,https://www.estimize.com/jazz
1122,CPSI,https://www.estimize.com/cpsi
1123,NUVA,https://www.estimize.com/nuva
1124,MNKD,https://www.estimize.com/mnkd
1125,PGEN,https://www.estimize.com/pgen
1126,LGND,https://www.estimize.com/lgnd
1127,INO,https://www.estimize.com/ino
1128,ACOR,https://www.estimize.com/acor
1129,VCYT,https://www.estimize.com/vcyt
1130,RVNC,https://www.estimize.com/rvnc
1131,SRGA,https://www.estimize.com/srga
1132,FPRX,https://www.estimize.com/fprx
1133,FGEN,https://www.estimize.com/fgen
1134,AXDX,https://www.estimize.com/axdx
1135,INOV,https://www.estimize.com/inov
1136,NSTG,https://www.estimize.com/nstg
1137,GWPH,https://www.estimize.com/gwph
1138,FLGT,https://www.estimize.com/flgt
1139,DOCS,https://www.estimize.com/docs
1140,CAPR,https://www.estimize.com/capr
1141,ALC,https://www.estimize.com/alc
1142,CLDX,https://www.estimize.com/cldx
1143,ACB,https://www.estimize.com/acb
1144,GERN,https://www.estimize.com/gern
1145,PRGO,https://www.estimize.com/prgo
1146,SRDX,https://www.estimize.com/srdx
1147,MACK,https://www.estimize.com/mack
1148,SDGR,https://www.estimize.com/sdgr
1149,AFMD,https://www.estimize.com/afmd
1150,RPRX,https://www.estimize.com/rprx
1151,DTIL,https://www.estimize.com/dtil
1152,WMGI,https://www.estimize.com/wmgi
1153,SPPI,https://www.estimize.com/sppi
1154,PDLI,https://www.estimize.com/pdli
1155,RGLS,https://www.estimize.com/rgls
1156,ADMS,https://www.estimize.com/adms
1157,ASND,https://www.estimize.com/asnd
1158,LVGO,https://www.estimize.com/lvgo
1159,GDRX,https://www.estimize.com/gdrx
1160,MRVI,https://www.estimize.com/mrvi
1161,XENE,https://www.estimize.com/xene
1162,SNDA-DEFUNCT,https://www.estimize.com/snda
1163,TXMD,https://www.estimize.com/txmd
1164,GENN,https://www.estimize.com/genn
1165,ARA,https://www.estimize.com/ara
1166,AZN,https://www.estimize.com/azn
1167,VIVO,https://www.estimize.com/vivo
1168,CGEN,https://www.estimize.com/cgen
1169,ARDX,https://www.estimize.com/ardx
1170,CRBP,https://www.estimize.com/crbp
1171,ZYNE,https://www.estimize.com/zyne
1172,ACRX,https://www.estimize.com/acrx
1173,TRVN,https://www.estimize.com/trvn
1174,FREQ,https://www.estimize.com/freq
1175,ABEO,https://www.estimize.com/abeo
1176,RMTI,https://www.estimize.com/rmti
1177,OPTN,https://www.estimize.com/optn
1178,QTNT,https://www.estimize.com/qtnt
1179,MDWD,https://www.estimize.com/mdwd
1180,FOMX,https://www.estimize.com/fomx
1181,BWAY,https://www.estimize.com/bway
1182,KMDA,https://www.estimize.com/kmda
1183,A,https://www.estimize.com/a
1184,ARWR,https://www.estimize.com/arwr
1185,ENTA,https://www.estimize.com/enta
1186,MDT,https://www.estimize.com/mdt
1187,OGI,https://www.estimize.com/ogi
1188,MESO,https://www.estimize.com/meso
1189,PDCO,https://www.estimize.com/pdco
1190,VEEV,https://www.estimize.com/veev
1191,COO,https://www.estimize.com/coo
1192,HQY,https://www.estimize.com/hqy
1193,CMD,https://www.estimize.com/cmd
1194,AMAG,https://www.estimize.com/amag
1195,HEXO,https://www.estimize.com/hexo
1196,NEOG,https://www.estimize.com/neog
1197,AYI,https://www.estimize.com/ayi
1198,RGP,https://www.estimize.com/rgp
1199,FAST,https://www.estimize.com/fast
1200,AZZ,https://www.estimize.com/azz
1201,DAL,https://www.estimize.com/dal
1202,HTLD,https://www.estimize.com/htld
1203,JBHT,https://www.estimize.com/jbht
1204,CUB,https://www.estimize.com/cub
1205,HXL,https://www.estimize.com/hxl
1206,KSU,https://www.estimize.com/ksu
1207,DOV,https://www.estimize.com/dov
1208,MAN,https://www.estimize.com/man
1209,MLI,https://www.estimize.com/mli
1210,UAL,https://www.estimize.com/ual
1211,MRTN,https://www.estimize.com/mrtn
1212,CP,https://www.estimize.com/cp
1213,MSM,https://www.estimize.com/msm
1214,WSO,https://www.estimize.com/wso
1215,HCSG,https://www.estimize.com/hcsg
1216,UNF,https://www.estimize.com/unf
1217,KNX,https://www.estimize.com/knx
1218,MINI,https://www.estimize.com/mini
1219,CSX,https://www.estimize.com/csx
1220,EFX,https://www.estimize.com/efx
1221,GGG,https://www.estimize.com/ggg
1222,LSTR,https://www.estimize.com/lstr
1223,VMI,https://www.estimize.com/vmi
1224,UFPI,https://www.estimize.com/ufpi
1225,RUSHA,https://www.estimize.com/rusha
1226,HCCI,https://www.estimize.com/hcci
1227,CVLG,https://www.estimize.com/cvlg
1228,MMLP,https://www.estimize.com/mmlp
1229,LUV,https://www.estimize.com/luv
1230,AAL,https://www.estimize.com/aal
1231,ALK,https://www.estimize.com/alk
1232,LNN,https://www.estimize.com/lnn
1233,UNP,https://www.estimize.com/unp
1234,RTN,https://www.estimize.com/rtn
1235,SNA,https://www.estimize.com/sna
1236,DHR,https://www.estimize.com/dhr
1237,TRN,https://www.estimize.com/trn
1238,GTLS,https://www.estimize.com/gtls
1239,GATX,https://www.estimize.com/gatx
1240,ALLE,https://www.estimize.com/alle
1241,TPH,https://www.estimize.com/tph
1242,RHI,https://www.estimize.com/rhi
1243,CSL,https://www.estimize.com/csl
1244,BOOM,https://www.estimize.com/boom
1245,VICR,https://www.estimize.com/vicr
1246,HON,https://www.estimize.com/hon
1247,ROP,https://www.estimize.com/rop
1248,AIMC,https://www.estimize.com/aimc
1249,GVA,https://www.estimize.com/gva
1250,LII,https://www.estimize.com/lii
1251,HNI,https://www.estimize.com/hni
1252,OTIS,https://www.estimize.com/otis
1253,CR,https://www.estimize.com/cr
1254,TBI,https://www.estimize.com/tbi
1255,HSII,https://www.estimize.com/hsii
1256,SSD,https://www.estimize.com/ssd
1257,AIN,https://www.estimize.com/ain
1258,GE,https://www.estimize.com/ge
1259,JBLU,https://www.estimize.com/jblu
1260,UPS,https://www.estimize.com/ups
1261,LMT,https://www.estimize.com/lmt
1262,RTX,https://www.estimize.com/rtx
1263,MMM,https://www.estimize.com/mmm
1264,PNR,https://www.estimize.com/pnr
1265,GBX,https://www.estimize.com/gbx
1266,WM,https://www.estimize.com/wm
1267,PCAR,https://www.estimize.com/pcar
1268,ST,https://www.estimize.com/st
1269,TRU,https://www.estimize.com/tru
1270,AWI,https://www.estimize.com/awi
1271,FELE,https://www.estimize.com/fele
1272,HUBB,https://www.estimize.com/hubb
1273,ECHO,https://www.estimize.com/echo
1274,HA,https://www.estimize.com/ha
1275,ENPH,https://www.estimize.com/enph
1276,IEX,https://www.estimize.com/iex
1277,CHRW,https://www.estimize.com/chrw
1278,FBHS,https://www.estimize.com/fbhs
1279,KNL,https://www.estimize.com/knl
1280,ACCO,https://www.estimize.com/acco
1281,WIRE,https://www.estimize.com/wire
1282,ZWS,https://www.estimize.com/zws
1283,AJRD,https://www.estimize.com/ajrd
1284,BA,https://www.estimize.com/ba
1285,GD,https://www.estimize.com/gd
1286,NSC,https://www.estimize.com/nsc
1287,WAB,https://www.estimize.com/wab
1288,MAS,https://www.estimize.com/mas
1289,OC,https://www.estimize.com/oc
1290,R,https://www.estimize.com/r
1291,TDY,https://www.estimize.com/tdy
1292,ODFL,https://www.estimize.com/odfl
1293,AIT,https://www.estimize.com/ait
1294,BCO,https://www.estimize.com/bco
1295,CMRE,https://www.estimize.com/cmre
1296,ROCK,https://www.estimize.com/rock
1297,ROL,https://www.estimize.com/rol
1298,GHM,https://www.estimize.com/ghm
1299,SAVE,https://www.estimize.com/save
1300,URI,https://www.estimize.com/uri
1301,ALGT,https://www.estimize.com/algt
1302,FLS,https://www.estimize.com/fls
1303,ASGN,https://www.estimize.com/asgn
1304,WCN,https://www.estimize.com/wcn
1305,JBT,https://www.estimize.com/jbt
1306,FWRD,https://www.estimize.com/fwrd
1307,MSA,https://www.estimize.com/msa
1308,MYRG,https://www.estimize.com/myrg
1309,FIX,https://www.estimize.com/fix
1310,UPWK,https://www.estimize.com/upwk
1311,ORN,https://www.estimize.com/orn
1312,SP,https://www.estimize.com/sp
1313,CAT,https://www.estimize.com/cat
1314,NOC,https://www.estimize.com/noc
1315,ITW,https://www.estimize.com/itw
1316,SWK,https://www.estimize.com/swk
1317,AYR,https://www.estimize.com/ayr
1318,AOS,https://www.estimize.com/aos
1319,TXT,https://www.estimize.com/txt
1320,OSK,https://www.estimize.com/osk
1321,LECO,https://www.estimize.com/leco
1322,PRLB,https://www.estimize.com/prlb
1323,AGCO,https://www.estimize.com/agco
1324,SAIA,https://www.estimize.com/saia
1325,NLSN,https://www.estimize.com/nlsn
1326,KEX,https://www.estimize.com/kex
1327,KBR,https://www.estimize.com/kbr
1328,FCN,https://www.estimize.com/fcn
1329,TRS,https://www.estimize.com/trs
1330,CMCO,https://www.estimize.com/cmco
1331,EME,https://www.estimize.com/eme
1332,CBZ,https://www.estimize.com/cbz
1333,LAWS,https://www.estimize.com/laws
1334,PATK,https://www.estimize.com/patk
1335,SNDR,https://www.estimize.com/sndr
1336,CLVT,https://www.estimize.com/clvt
1337,CARR,https://www.estimize.com/carr
1338,CVA,https://www.estimize.com/cva
1339,SKYW,https://www.estimize.com/skyw
1340,EXPO,https://www.estimize.com/expo
1341,TEX,https://www.estimize.com/tex
1342,WERN,https://www.estimize.com/wern
1343,RSG,https://www.estimize.com/rsg
1344,HUBG,https://www.estimize.com/hubg
1345,MGRC,https://www.estimize.com/mgrc
1346,CWST,https://www.estimize.com/cwst
1347,CAI,https://www.estimize.com/cai
1348,FTV,https://www.estimize.com/ftv
1349,GWW,https://www.estimize.com/gww
1350,B,https://www.estimize.com/b
1351,TWIN,https://www.estimize.com/twin
1352,GRC,https://www.estimize.com/grc
1353,TKR,https://www.estimize.com/tkr
1354,JELD,https://www.estimize.com/jeld
1355,CAR,https://www.estimize.com/car
1356,NSP,https://www.estimize.com/nsp
1357,KMT,https://www.estimize.com/kmt
1358,RRX,https://www.estimize.com/rrx
1359,KFRC,https://www.estimize.com/kfrc
1360,AMRC,https://www.estimize.com/amrc
1361,BWXT,https://www.estimize.com/bwxt
1362,UNVR,https://www.estimize.com/unvr
1363,PLOW,https://www.estimize.com/plow
1364,XYL,https://www.estimize.com/xyl
1365,CMI,https://www.estimize.com/cmi
1366,ROK,https://www.estimize.com/rok
1367,ETN,https://www.estimize.com/etn
1368,GNRC,https://www.estimize.com/gnrc
1369,SRCL,https://www.estimize.com/srcl
1370,AME,https://www.estimize.com/ame
1371,EXPD,https://www.estimize.com/expd
1372,TRI,https://www.estimize.com/tri
1373,HEES,https://www.estimize.com/hees
1374,TNC,https://www.estimize.com/tnc
1375,HSC,https://www.estimize.com/hsc
1376,GLDD,https://www.estimize.com/gldd
1377,WBT,https://www.estimize.com/wbt
1378,IAA,https://www.estimize.com/iaa
1379,MIC,https://www.estimize.com/mic
1380,LYFT,https://www.estimize.com/lyft
1381,XPO,https://www.estimize.com/xpo
1382,VRSK,https://www.estimize.com/vrsk
1383,KAR,https://www.estimize.com/kar
1384,MG,https://www.estimize.com/mg
1385,HURN,https://www.estimize.com/hurn
1386,ICFI,https://www.estimize.com/icfi
1387,KAMN,https://www.estimize.com/kamn
1388,KAI,https://www.estimize.com/kai
1389,DCO,https://www.estimize.com/dco
1390,HY,https://www.estimize.com/hy
1391,QUAD,https://www.estimize.com/quad
1392,PKOH,https://www.estimize.com/pkoh
1393,AAWW,https://www.estimize.com/aaww
1394,EMR,https://www.estimize.com/emr
1395,SPR,https://www.estimize.com/spr
1396,CLH,https://www.estimize.com/clh
1397,PBI,https://www.estimize.com/pbi
1398,ASTE,https://www.estimize.com/aste
1399,DNOW,https://www.estimize.com/dnow
1400,RRTS,https://www.estimize.com/rrts
1401,VRTV,https://www.estimize.com/vrtv
1402,SITE,https://www.estimize.com/site
1403,PSN,https://www.estimize.com/psn
1404,BBSI,https://www.estimize.com/bbsi
1405,WTS,https://www.estimize.com/wts
1406,IR,https://www.estimize.com/ir
1407,MTW,https://www.estimize.com/mtw
1408,ITT,https://www.estimize.com/itt
1409,KTOS,https://www.estimize.com/ktos
1410,CW,https://www.estimize.com/cw
1411,SB,https://www.estimize.com/sb
1412,HDSN,https://www.estimize.com/hdsn
1413,AEGN,https://www.estimize.com/aegn
1414,TPC,https://www.estimize.com/tpc
1415,YELL,https://www.estimize.com/yell
1416,SPXC,https://www.estimize.com/spxc
1417,MATX,https://www.estimize.com/matx
1418,GWR,https://www.estimize.com/gwr
1419,UHAL,https://www.estimize.com/uhal
1420,ALG,https://www.estimize.com/alg
1421,AMOT,https://www.estimize.com/amot
1422,MAXR,https://www.estimize.com/maxr
1423,STN,https://www.estimize.com/stn
1424,ACA,https://www.estimize.com/aca
1425,ADSW,https://www.estimize.com/adsw
1426,TWI,https://www.estimize.com/twi
1427,HWM,https://www.estimize.com/hwm
1428,PH,https://www.estimize.com/ph
1429,PWR,https://www.estimize.com/pwr
1430,BLDR,https://www.estimize.com/bldr
1431,WCC,https://www.estimize.com/wcc
1432,BGG,https://www.estimize.com/bgg
1433,HII,https://www.estimize.com/hii
1434,IBP,https://www.estimize.com/ibp
1435,WBC,https://www.estimize.com/wbc
1436,DLX,https://www.estimize.com/dlx
1437,TGP,https://www.estimize.com/tgp
1438,TOO,https://www.estimize.com/too
1439,CNHI,https://www.estimize.com/cnhi
1440,WMS,https://www.estimize.com/wms
1441,DNB,https://www.estimize.com/dnb
1442,CFX,https://www.estimize.com/cfx
1443,UBER,https://www.estimize.com/uber
1444,AL,https://www.estimize.com/al
1445,MTZ,https://www.estimize.com/mtz
1446,RBA,https://www.estimize.com/rba
1447,ATSG,https://www.estimize.com/atsg
1448,SXI,https://www.estimize.com/sxi
1449,INWK,https://www.estimize.com/inwk
1450,TGH,https://www.estimize.com/tgh
1451,WLDN,https://www.estimize.com/wldn
1452,VVI,https://www.estimize.com/vvi
1453,BE,https://www.estimize.com/be
1454,NNBR,https://www.estimize.com/nnbr
1455,AAON,https://www.estimize.com/aaon
1456,WSC,https://www.estimize.com/wsc
1457,JCI,https://www.estimize.com/jci
1458,FLR,https://www.estimize.com/flr
1459,TILE,https://www.estimize.com/tile
1460,ERJ,https://www.estimize.com/erj
1461,NPO,https://www.estimize.com/npo
1462,ECOL,https://www.estimize.com/ecol
1463,MOG-A,https://www.estimize.com/mog-a
1464,ATRO,https://www.estimize.com/atro
1465,CECE,https://www.estimize.com/cece
1466,HLIO,https://www.estimize.com/hlio
1467,GTES,https://www.estimize.com/gtes
1468,HTZ,https://www.estimize.com/htz
1469,TREX,https://www.estimize.com/trex
1470,MWA,https://www.estimize.com/mwa
1471,MRC,https://www.estimize.com/mrc
1472,PRIM,https://www.estimize.com/prim
1473,MNTX,https://www.estimize.com/mntx
1474,DOOR,https://www.estimize.com/door
1475,SPCE,https://www.estimize.com/spce
1476,TPIC,https://www.estimize.com/tpic
1477,BLDP,https://www.estimize.com/bldp
1478,IIVI,https://www.estimize.com/iivi
1479,TGI,https://www.estimize.com/tgi
1480,MIDD,https://www.estimize.com/midd
1481,WNC,https://www.estimize.com/wnc
1482,FSS,https://www.estimize.com/fss
1483,THR,https://www.estimize.com/thr
1484,ADT,https://www.estimize.com/adt
1485,CNR,https://www.estimize.com/cnr
1486,PLUG,https://www.estimize.com/plug
1487,FC,https://www.estimize.com/fc
1488,NVEE,https://www.estimize.com/nvee
1489,MCRN,https://www.estimize.com/mcrn
1490,CBPX,https://www.estimize.com/cbpx
1491,VEC,https://www.estimize.com/vec
1492,AER,https://www.estimize.com/aer
1493,NMM,https://www.estimize.com/nmm
1494,FLOW,https://www.estimize.com/flow
1495,KRNT,https://www.estimize.com/krnt
1496,KELYA,https://www.estimize.com/kelya
1497,EOSE,https://www.estimize.com/eose
1498,ENS,https://www.estimize.com/ens
1499,BZH,https://www.estimize.com/bzh
1500,PTRA,https://www.estimize.com/ptra
1501,PGTI,https://www.estimize.com/pgti
1502,GPX,https://www.estimize.com/gpx
1503,CAE,https://www.estimize.com/cae
1504,WATT,https://www.estimize.com/watt
1505,ROLL,https://www.estimize.com/roll
1506,TISI,https://www.estimize.com/tisi
1507,CIR,https://www.estimize.com/cir
1508,VWTR,https://www.estimize.com/vwtr
1509,ACM,https://www.estimize.com/acm
1510,RAIL,https://www.estimize.com/rail
1511,AXON,https://www.estimize.com/axon
1512,ACTG,https://www.estimize.com/actg
1513,TDG,https://www.estimize.com/tdg
1514,AQUA,https://www.estimize.com/aqua
1515,GFF,https://www.estimize.com/gff
1516,BEST,https://www.estimize.com/best
1517,DM,https://www.estimize.com/dm
1518,DSX,https://www.estimize.com/dsx
1519,MTOR,https://www.estimize.com/mtor
1520,CPA,https://www.estimize.com/cpa
1521,CPRT,https://www.estimize.com/cprt
1522,TTEK,https://www.estimize.com/ttek
1523,CUB,https://www.estimize.com/cub
1524,BRC,https://www.estimize.com/brc
1525,ATKR,https://www.estimize.com/atkr
1526,ESE,https://www.estimize.com/ese
1527,WWD,https://www.estimize.com/wwd
1528,BECN,https://www.estimize.com/becn
1529,BV,https://www.estimize.com/bv
1530,DY,https://www.estimize.com/dy
1531,J,https://www.estimize.com/j
1532,TITN,https://www.estimize.com/titn
1533,AMWD,https://www.estimize.com/amwd
1534,ESLT,https://www.estimize.com/eslt
1535,DE,https://www.estimize.com/de
1536,WAIR,https://www.estimize.com/wair
1537,FRO,https://www.estimize.com/fro
1538,XONE,https://www.estimize.com/xone
1539,CAI,https://www.estimize.com/cai
1540,DCI,https://www.estimize.com/dci
1541,GVA,https://www.estimize.com/gva
1542,GMS,https://www.estimize.com/gms
1543,HDS,https://www.estimize.com/hds
1544,AVAV,https://www.estimize.com/avav
1545,CHPT,https://www.estimize.com/chpt
1546,KFY,https://www.estimize.com/kfy
1547,NETI,https://www.estimize.com/neti
1548,DXPE,https://www.estimize.com/dxpe
1549,AGX,https://www.estimize.com/agx
1550,MESA,https://www.estimize.com/mesa
1551,TTC,https://www.estimize.com/ttc
1552,ABM,https://www.estimize.com/abm
1553,HEI,https://www.estimize.com/hei
1554,NDSN,https://www.estimize.com/ndsn
1555,JOBS,https://www.estimize.com/jobs
1556,NM,https://www.estimize.com/nm
1557,FDX,https://www.estimize.com/fdx
1558,SCS,https://www.estimize.com/scs
1559,NX,https://www.estimize.com/nx
1560,NAV,https://www.estimize.com/nav
1561,EPAC,https://www.estimize.com/epac
1562,APOG,https://www.estimize.com/apog
1563,AIR,https://www.estimize.com/air
1564,CTAS,https://www.estimize.com/ctas
1565,MSM,https://www.estimize.com/msm
1566,CMTL,https://www.estimize.com/cmtl
1567,USAT,https://www.estimize.com/usat
1568,WUBA,https://www.estimize.com/wuba
1569,GTT,https://www.estimize.com/gtt
1570,INFY,https://www.estimize.com/infy
1571,WIT,https://www.estimize.com/wit
1572,TSM,https://www.estimize.com/tsm
1573,BMI,https://www.estimize.com/bmi
1574,ADTN,https://www.estimize.com/adtn
1575,WIFI,https://www.estimize.com/wifi
1576,LEAF,https://www.estimize.com/leaf
1577,ERIC,https://www.estimize.com/eric
1578,ASML,https://www.estimize.com/asml
1579,IBM,https://www.estimize.com/ibm
1580,LRCX,https://www.estimize.com/lrcx
1581,MLNX,https://www.estimize.com/mlnx
1582,NVEC,https://www.estimize.com/nvec
1583,XM,https://www.estimize.com/xm
1584,EEFT,https://www.estimize.com/eeft
1585,INTC,https://www.estimize.com/intc
1586,SNAP,https://www.estimize.com/snap
1587,LOGM,https://www.estimize.com/logm
1588,PFPT,https://www.estimize.com/pfpt
1589,CY,https://www.estimize.com/cy
1590,STX,https://www.estimize.com/stx
1591,FB,https://www.estimize.com/fb
1592,CDNS,https://www.estimize.com/cdns
1593,LOGI,https://www.estimize.com/logi
1594,AMKR,https://www.estimize.com/amkr
1595,TNET,https://www.estimize.com/tnet
1596,CALX,https://www.estimize.com/calx
1597,CLS,https://www.estimize.com/cls
1598,GLW,https://www.estimize.com/glw
1599,XRX,https://www.estimize.com/xrx
1600,CVLT,https://www.estimize.com/cvlt
1601,ENTG,https://www.estimize.com/entg
1602,SSTK,https://www.estimize.com/sstk
1603,AUDC,https://www.estimize.com/audc
1604,AXE,https://www.estimize.com/axe
1605,CAJ,https://www.estimize.com/caj
1606,V,https://www.estimize.com/v
1607,MSFT,https://www.estimize.com/msft
1608,AMD,https://www.estimize.com/amd
1609,GOOGL,https://www.estimize.com/googl
1610,TWTR,https://www.estimize.com/twtr
1611,TXN,https://www.estimize.com/txn
1612,FFIV,https://www.estimize.com/ffiv
1613,JNPR,https://www.estimize.com/jnpr
1614,MANH,https://www.estimize.com/manh
1615,TER,https://www.estimize.com/ter
1616,NCR,https://www.estimize.com/ncr
1617,CSGP,https://www.estimize.com/csgp
1618,LFUS,https://www.estimize.com/lfus
1619,TENB,https://www.estimize.com/tenb
1620,SLAB,https://www.estimize.com/slab
1621,SPOT,https://www.estimize.com/spot
1622,FISV,https://www.estimize.com/fisv
1623,ADP,https://www.estimize.com/adp
1624,APH,https://www.estimize.com/aph
1625,YNDX,https://www.estimize.com/yndx
1626,TEL,https://www.estimize.com/tel
1627,CTS,https://www.estimize.com/cts
1628,DT,https://www.estimize.com/dt
1629,UMC,https://www.estimize.com/umc
1630,EBAY,https://www.estimize.com/ebay
1631,TWLO,https://www.estimize.com/twlo
1632,WOLF,https://www.estimize.com/wolf
1633,NOW,https://www.estimize.com/now
1634,XLNX,https://www.estimize.com/xlnx
1635,CTSH,https://www.estimize.com/ctsh
1636,RBBN,https://www.estimize.com/rbbn
1637,EVTC,https://www.estimize.com/evtc
1638,SIMO,https://www.estimize.com/simo
1639,KLAC,https://www.estimize.com/klac
1640,NTGR,https://www.estimize.com/ntgr
1641,AZPN,https://www.estimize.com/azpn
1642,TYL,https://www.estimize.com/tyl
1643,MKSI,https://www.estimize.com/mksi
1644,CACI,https://www.estimize.com/caci
1645,PLXS,https://www.estimize.com/plxs
1646,FLEX,https://www.estimize.com/flex
1647,TSS,https://www.estimize.com/tss
1648,UCTT,https://www.estimize.com/uctt
1649,FORM,https://www.estimize.com/form
1650,TTMI,https://www.estimize.com/ttmi
1651,PEGA,https://www.estimize.com/pega
1652,FARO,https://www.estimize.com/faro
1653,KN,https://www.estimize.com/kn
1654,MXL,https://www.estimize.com/mxl
1655,AXTI,https://www.estimize.com/axti
1656,BCOV,https://www.estimize.com/bcov
1657,BHE,https://www.estimize.com/bhe
1658,PS,https://www.estimize.com/ps
1659,MA,https://www.estimize.com/ma
1660,SHOP,https://www.estimize.com/shop
1661,ADS,https://www.estimize.com/ads
1662,CHKP,https://www.estimize.com/chkp
1663,NOK,https://www.estimize.com/nok
1664,STM,https://www.estimize.com/stm
1665,WEX,https://www.estimize.com/wex
1666,DQ,https://www.estimize.com/dq
1667,OSIS,https://www.estimize.com/osis
1668,SWI,https://www.estimize.com/swi
1669,PRFT,https://www.estimize.com/prft
1670,DBD,https://www.estimize.com/dbd
1671,KEM,https://www.estimize.com/kem
1672,CRCM,https://www.estimize.com/crcm
1673,WNS,https://www.estimize.com/wns
1674,MIXT,https://www.estimize.com/mixt
1675,INAP,https://www.estimize.com/inap
1676,OPRA,https://www.estimize.com/opra
1677,AAPL,https://www.estimize.com/aapl
1678,WDC,https://www.estimize.com/wdc
1679,TEAM,https://www.estimize.com/team
1680,ZEN,https://www.estimize.com/zen
1681,VRSN,https://www.estimize.com/vrsn
1682,SSNC,https://www.estimize.com/ssnc
1683,MPWR,https://www.estimize.com/mpwr
1684,MSTR,https://www.estimize.com/mstr
1685,SPSC,https://www.estimize.com/spsc
1686,TIVO,https://www.estimize.com/tivo
1687,POWI,https://www.estimize.com/powi
1688,AVT,https://www.estimize.com/avt
1689,ATEN,https://www.estimize.com/aten
1690,NATI,https://www.estimize.com/nati
1691,COHU,https://www.estimize.com/cohu
1692,LEAF,https://www.estimize.com/leaf
1693,EB,https://www.estimize.com/eb
1694,PLT,https://www.estimize.com/plt
1695,MGI,https://www.estimize.com/mgi
1696,LHX,https://www.estimize.com/lhx
1697,BAH,https://www.estimize.com/bah
1698,SJR,https://www.estimize.com/sjr
1699,ON,https://www.estimize.com/on
1700,CRNT,https://www.estimize.com/crnt
1701,ANET,https://www.estimize.com/anet
1702,NXPI,https://www.estimize.com/nxpi
1703,CRUS,https://www.estimize.com/crus
1704,FN,https://www.estimize.com/fn
1705,RMBS,https://www.estimize.com/rmbs
1706,VRNS,https://www.estimize.com/vrns
1707,HLIT,https://www.estimize.com/hlit
1708,INST,https://www.estimize.com/inst
1709,IVAC,https://www.estimize.com/ivac
1710,EVER,https://www.estimize.com/ever
1711,GPN,https://www.estimize.com/gpn
1712,IPGP,https://www.estimize.com/ipgp
1713,ZBRA,https://www.estimize.com/zbra
1714,EXTR,https://www.estimize.com/extr
1715,MIME,https://www.estimize.com/mime
1716,LDOS,https://www.estimize.com/ldos
1717,IT,https://www.estimize.com/it
1718,EXLS,https://www.estimize.com/exls
1719,SABR,https://www.estimize.com/sabr
1720,EIGI,https://www.estimize.com/eigi
1721,ROG,https://www.estimize.com/rog
1722,ATVI,https://www.estimize.com/atvi
1723,ZG,https://www.estimize.com/zg
1724,AKAM,https://www.estimize.com/akam
1725,SEDG,https://www.estimize.com/sedg
1726,MTCH,https://www.estimize.com/mtch
1727,DOX,https://www.estimize.com/dox
1728,PAYC,https://www.estimize.com/payc
1729,AYX,https://www.estimize.com/ayx
1730,MXIM,https://www.estimize.com/mxim
1731,WU,https://www.estimize.com/wu
1732,LPSN,https://www.estimize.com/lpsn
1733,OSPN,https://www.estimize.com/ospn
1734,VECO,https://www.estimize.com/veco
1735,PRO,https://www.estimize.com/pro
1736,MANT,https://www.estimize.com/mant
1737,UIS,https://www.estimize.com/uis
1738,LSCC,https://www.estimize.com/lscc
1739,RAMP,https://www.estimize.com/ramp
1740,IPHI,https://www.estimize.com/iphi
1741,CDK,https://www.estimize.com/cdk
1742,SREV,https://www.estimize.com/srev
1743,ICHR,https://www.estimize.com/ichr
1744,CDLX,https://www.estimize.com/cdlx
1745,APPS,https://www.estimize.com/apps
1746,SPT,https://www.estimize.com/spt
1747,SMCI,https://www.estimize.com/smci
1748,RDWR,https://www.estimize.com/rdwr
1749,BDC,https://www.estimize.com/bdc
1750,MEET,https://www.estimize.com/meet
1751,CDW,https://www.estimize.com/cdw
1752,EGOV,https://www.estimize.com/egov
1753,CRTO,https://www.estimize.com/crto
1754,BR,https://www.estimize.com/br
1755,VSH,https://www.estimize.com/vsh
1756,SPNS,https://www.estimize.com/spns
1757,INXN,https://www.estimize.com/inxn
1758,EVOP,https://www.estimize.com/evop
1759,DSPG,https://www.estimize.com/dspg
1760,QCOM,https://www.estimize.com/qcom
1761,EA,https://www.estimize.com/ea
1762,TTWO,https://www.estimize.com/ttwo
1763,ETSY,https://www.estimize.com/etsy
1764,SPWR,https://www.estimize.com/spwr
1765,QRVO,https://www.estimize.com/qrvo
1766,MGNI,https://www.estimize.com/mgni
1767,HUBS,https://www.estimize.com/hubs
1768,DIOD,https://www.estimize.com/diod
1769,INFN,https://www.estimize.com/infn
1770,QLYS,https://www.estimize.com/qlys
1771,FLT,https://www.estimize.com/flt
1772,GDDY,https://www.estimize.com/gddy
1773,EQIX,https://www.estimize.com/eqix
1774,PTC,https://www.estimize.com/ptc
1775,ANSS,https://www.estimize.com/anss
1776,TRMB,https://www.estimize.com/trmb
1777,RPD,https://www.estimize.com/rpd
1778,TRUE,https://www.estimize.com/true
1779,BLKB,https://www.estimize.com/blkb
1780,BNFT,https://www.estimize.com/bnft
1781,QTWO,https://www.estimize.com/qtwo
1782,FSLY,https://www.estimize.com/fsly
1783,ZD,https://www.estimize.com/zd
1784,ACLS,https://www.estimize.com/acls
1785,TTGT,https://www.estimize.com/ttgt
1786,FORR,https://www.estimize.com/forr
1787,QUOT,https://www.estimize.com/quot
1788,WK,https://www.estimize.com/wk
1789,CSGS,https://www.estimize.com/csgs
1790,DXC,https://www.estimize.com/dxc
1791,QNST,https://www.estimize.com/qnst
1792,CDAY,https://www.estimize.com/cday
1793,UPLD,https://www.estimize.com/upld
1794,PING,https://www.estimize.com/ping
1795,SKLZ,https://www.estimize.com/sklz
1796,SITM,https://www.estimize.com/sitm
1797,IMMR,https://www.estimize.com/immr
1798,CYBR,https://www.estimize.com/cybr
1799,CTXS,https://www.estimize.com/ctxs
1800,SSYS,https://www.estimize.com/ssys
1801,ITRI,https://www.estimize.com/itri
1802,GOGO,https://www.estimize.com/gogo
1803,FIS,https://www.estimize.com/fis
1804,LITE,https://www.estimize.com/lite
1805,NTCT,https://www.estimize.com/ntct
1806,HIMX,https://www.estimize.com/himx
1807,EPAM,https://www.estimize.com/epam
1808,FLIR,https://www.estimize.com/flir
1809,ARW,https://www.estimize.com/arw
1810,CATM,https://www.estimize.com/catm
1811,IDCC,https://www.estimize.com/idcc
1812,MTSI,https://www.estimize.com/mtsi
1813,ACIW,https://www.estimize.com/aciw
1814,COMM,https://www.estimize.com/comm
1815,BCOR,https://www.estimize.com/bcor
1816,NSIT,https://www.estimize.com/nsit
1817,NVMI,https://www.estimize.com/nvmi
1818,VNT,https://www.estimize.com/vnt
1819,CARS,https://www.estimize.com/cars
1820,DOCN,https://www.estimize.com/docn
1821,NPTN,https://www.estimize.com/nptn
1822,GPRO,https://www.estimize.com/gpro
1823,SQ,https://www.estimize.com/sq
1824,YELP,https://www.estimize.com/yelp
1825,SWKS,https://www.estimize.com/swks
1826,FSLR,https://www.estimize.com/fslr
1827,MNDT,https://www.estimize.com/mndt
1828,FTNT,https://www.estimize.com/ftnt
1829,MELI,https://www.estimize.com/meli
1830,OLED,https://www.estimize.com/oled
1831,NLOK,https://www.estimize.com/nlok
1832,IAC,https://www.estimize.com/iac
1833,AAOI,https://www.estimize.com/aaoi
1834,DBX,https://www.estimize.com/dbx
1835,MCHP,https://www.estimize.com/mchp
1836,SYNA,https://www.estimize.com/syna
1837,CGNX,https://www.estimize.com/cgnx
1838,PINS,https://www.estimize.com/pins
1839,RDFN,https://www.estimize.com/rdfn
1840,ANGI,https://www.estimize.com/angi
1841,TDC,https://www.estimize.com/tdc
1842,ALRM,https://www.estimize.com/alrm
1843,DDOG,https://www.estimize.com/ddog
1844,MSI,https://www.estimize.com/msi
1845,ACIA,https://www.estimize.com/acia
1846,NET,https://www.estimize.com/net
1847,MITK,https://www.estimize.com/mitk
1848,LLNW,https://www.estimize.com/llnw
1849,PCTY,https://www.estimize.com/pcty
1850,ONTO,https://www.estimize.com/onto
1851,MOBL,https://www.estimize.com/mobl
1852,RP,https://www.estimize.com/rp
1853,ENT,https://www.estimize.com/ent
1854,AOSL,https://www.estimize.com/aosl
1855,CLFD,https://www.estimize.com/clfd
1856,PCTI,https://www.estimize.com/pcti
1857,AVLR,https://www.estimize.com/avlr
1858,ALTR,https://www.estimize.com/altr
1859,BL,https://www.estimize.com/bl
1860,FSCT,https://www.estimize.com/fsct
1861,BILL,https://www.estimize.com/bill
1862,FROG,https://www.estimize.com/frog
1863,APPN,https://www.estimize.com/appn
1864,VRRM,https://www.estimize.com/vrrm
1865,SWCH,https://www.estimize.com/swch
1866,LASR,https://www.estimize.com/lasr
1867,CFLT,https://www.estimize.com/cflt
1868,GSKY,https://www.estimize.com/gsky
1869,UI,https://www.estimize.com/ui
1870,PFSW,https://www.estimize.com/pfsw
1871,TTD,https://www.estimize.com/ttd
1872,VSAT,https://www.estimize.com/vsat
1873,ZIXI,https://www.estimize.com/zixi
1874,BKI,https://www.estimize.com/bki
1875,TSEM,https://www.estimize.com/tsem
1876,PYPL,https://www.estimize.com/pypl
1877,ZNGA,https://www.estimize.com/znga
1878,DDD,https://www.estimize.com/ddd
1879,NEWR,https://www.estimize.com/newr
1880,AEIS,https://www.estimize.com/aeis
1881,JKHY,https://www.estimize.com/jkhy
1882,FIVN,https://www.estimize.com/fivn
1883,SANM,https://www.estimize.com/sanm
1884,APPF,https://www.estimize.com/appf
1885,ENV,https://www.estimize.com/env
1886,WIFI,https://www.estimize.com/wifi
1887,SYKE,https://www.estimize.com/syke
1888,TLND,https://www.estimize.com/tlnd
1889,BAND,https://www.estimize.com/band
1890,XPER,https://www.estimize.com/xper
1891,RBLX,https://www.estimize.com/rblx
1892,PLTR,https://www.estimize.com/pltr
1893,ALLT,https://www.estimize.com/allt
1894,CEVA,https://www.estimize.com/ceva
1895,WUBA,https://www.estimize.com/wuba
1896,ECOM,https://www.estimize.com/ecom
1897,SATS,https://www.estimize.com/sats
1898,GTT,https://www.estimize.com/gtt
1899,MNTV,https://www.estimize.com/mntv
1900,TUFN,https://www.estimize.com/tufn
1901,COHR,https://www.estimize.com/cohr
1902,TWOU,https://www.estimize.com/twou
1903,EPAY,https://www.estimize.com/epay
1904,G,https://www.estimize.com/g
1905,SCSC,https://www.estimize.com/scsc
1906,TTEC,https://www.estimize.com/ttec
1907,SAIL,https://www.estimize.com/sail
1908,MODN,https://www.estimize.com/modn
1909,CARB,https://www.estimize.com/carb
1910,AVID,https://www.estimize.com/avid
1911,PXLW,https://www.estimize.com/pxlw
1912,HCKT,https://www.estimize.com/hckt
1913,PLUS,https://www.estimize.com/plus
1914,COIN,https://www.estimize.com/coin
1915,CARG,https://www.estimize.com/carg
1916,PDFS,https://www.estimize.com/pdfs
1917,EVBG,https://www.estimize.com/evbg
1918,RPAY,https://www.estimize.com/rpay
1919,ONTF,https://www.estimize.com/ontf
1920,SSTI,https://www.estimize.com/ssti
1921,ARLO,https://www.estimize.com/arlo
1922,USAT,https://www.estimize.com/usat
1923,U,https://www.estimize.com/u
1924,PAR,https://www.estimize.com/par
1925,SWIR,https://www.estimize.com/swir
1926,FIT,https://www.estimize.com/fit
1927,FICO,https://www.estimize.com/fico
1928,GLUU,https://www.estimize.com/gluu
1929,CSOD,https://www.estimize.com/csod
1930,AZTA,https://www.estimize.com/azta
1931,VRTU,https://www.estimize.com/vrtu
1932,CCMP,https://www.estimize.com/ccmp
1933,DHX,https://www.estimize.com/dhx
1934,APP,https://www.estimize.com/app
1935,VPG,https://www.estimize.com/vpg
1936,WB,https://www.estimize.com/wb
1937,WIX,https://www.estimize.com/wix
1938,NICE,https://www.estimize.com/nice
1939,RST,https://www.estimize.com/rst
1940,AFRM,https://www.estimize.com/afrm
1941,SOHU,https://www.estimize.com/sohu
1942,DMRC,https://www.estimize.com/dmrc
1943,API,https://www.estimize.com/api
1944,NTES,https://www.estimize.com/ntes
1945,SE,https://www.estimize.com/se
1946,DAVA,https://www.estimize.com/dava
1947,DLB,https://www.estimize.com/dlb
1948,STNE,https://www.estimize.com/stne
1949,BIDU,https://www.estimize.com/bidu
1950,BILI,https://www.estimize.com/bili
1951,CSCO,https://www.estimize.com/csco
1952,NVDA,https://www.estimize.com/nvda
1953,YY,https://www.estimize.com/yy
1954,KLIC,https://www.estimize.com/klic
1955,PRSP,https://www.estimize.com/prsp
1956,IIIV,https://www.estimize.com/iiiv
1957,CSIQ,https://www.estimize.com/csiq
1958,MMS,https://www.estimize.com/mms
1959,PANW,https://www.estimize.com/panw
1960,WDAY,https://www.estimize.com/wday
1961,AMAT,https://www.estimize.com/amat
1962,INTU,https://www.estimize.com/intu
1963,NUAN,https://www.estimize.com/nuan
1964,GLOB,https://www.estimize.com/glob
1965,VNET,https://www.estimize.com/vnet
1966,CRNC,https://www.estimize.com/crnc
1967,AVYA,https://www.estimize.com/avya
1968,ZM,https://www.estimize.com/zm
1969,KEYS,https://www.estimize.com/keys
1970,ADI,https://www.estimize.com/adi
1971,VMW,https://www.estimize.com/vmw
1972,HPQ,https://www.estimize.com/hpq
1973,ADSK,https://www.estimize.com/adsk
1974,NTNX,https://www.estimize.com/ntnx
1975,PSTG,https://www.estimize.com/pstg
1976,PLAN,https://www.estimize.com/plan
1977,QADA,https://www.estimize.com/qada
1978,DELL,https://www.estimize.com/dell
1979,STMP,https://www.estimize.com/stmp
1980,MTSC,https://www.estimize.com/mtsc
1981,MOMO,https://www.estimize.com/momo
1982,TECD,https://www.estimize.com/tecd
1983,JKS,https://www.estimize.com/jks
1984,BZUN,https://www.estimize.com/bzun
1985,CRM,https://www.estimize.com/crm
1986,AMBA,https://www.estimize.com/amba
1987,BOX,https://www.estimize.com/box
1988,NTAP,https://www.estimize.com/ntap
1989,ZS,https://www.estimize.com/zs
1990,HPE,https://www.estimize.com/hpe
1991,WORK,https://www.estimize.com/work
1992,EMKR,https://www.estimize.com/emkr
1993,SPLK,https://www.estimize.com/splk
1994,CRWD,https://www.estimize.com/crwd
1995,SNPS,https://www.estimize.com/snps
1996,OKTA,https://www.estimize.com/okta
1997,ZUO,https://www.estimize.com/zuo
1998,SMTC,https://www.estimize.com/smtc
1999,SNOW,https://www.estimize.com/snow
2000,ESTC,https://www.estimize.com/estc
2001,MEI,https://www.estimize.com/mei
2002,MRVL,https://www.estimize.com/mrvl
2003,DOCU,https://www.estimize.com/docu
2004,GWRE,https://www.estimize.com/gwre
2005,YEXT,https://www.estimize.com/yext
2006,VRNT,https://www.estimize.com/vrnt
2007,SMAR,https://www.estimize.com/smar
2008,ASAN,https://www.estimize.com/asan
2009,DOMO,https://www.estimize.com/domo
2010,SAIC,https://www.estimize.com/saic
2011,COUP,https://www.estimize.com/coup
2012,MDB,https://www.estimize.com/mdb
2013,PD,https://www.estimize.com/pd
2014,PLAB,https://www.estimize.com/plab
2015,PATH,https://www.estimize.com/path
2016,CIEN,https://www.estimize.com/cien
2017,CLDR,https://www.estimize.com/cldr
2018,LQDT,https://www.estimize.com/lqdt
2019,BITA,https://www.estimize.com/bita
2020,ORCL,https://www.estimize.com/orcl
2021,AVGO,https://www.estimize.com/avgo
2022,CMTL,https://www.estimize.com/cmtl
2023,PVTL,https://www.estimize.com/pvtl
2024,MDLA,https://www.estimize.com/mdla
2025,CLSK,https://www.estimize.com/clsk
2026,ACN,https://www.estimize.com/acn
2027,JBL,https://www.estimize.com/jbl
2028,ADBE,https://www.estimize.com/adbe
2029,MU,https://www.estimize.com/mu
2030,FDS,https://www.estimize.com/fds
2031,BB,https://www.estimize.com/bb
2032,CAMP,https://www.estimize.com/camp
2033,PAYX,https://www.estimize.com/payx
2034,PFSW,https://www.estimize.com/pfsw
2035,GRUB,https://www.estimize.com/grub
2036,RPM,https://www.estimize.com/rpm
2037,OMN,https://www.estimize.com/omn
2038,CMC,https://www.estimize.com/cmc
2039,AA,https://www.estimize.com/aa
2040,SXT,https://www.estimize.com/sxt
2041,STLD,https://www.estimize.com/stld
2042,SCL,https://www.estimize.com/scl
2043,PPG,https://www.estimize.com/ppg
2044,KALU,https://www.estimize.com/kalu
2045,FCX,https://www.estimize.com/fcx
2046,NUE,https://www.estimize.com/nue
2047,SCHN,https://www.estimize.com/schn
2048,SON,https://www.estimize.com/son
2049,DOW,https://www.estimize.com/dow
2050,OLN,https://www.estimize.com/oln
2051,CE,https://www.estimize.com/ce
2052,CLF,https://www.estimize.com/clf
2053,PKG,https://www.estimize.com/pkg
2054,CCK,https://www.estimize.com/cck
2055,OI,https://www.estimize.com/oi
2056,AXTA,https://www.estimize.com/axta
2057,NEU,https://www.estimize.com/neu
2058,SHW,https://www.estimize.com/shw
2059,ECL,https://www.estimize.com/ecl
2060,GPK,https://www.estimize.com/gpk
2061,IP,https://www.estimize.com/ip
2062,SCCO,https://www.estimize.com/scco
2063,AVY,https://www.estimize.com/avy
2064,SLGN,https://www.estimize.com/slgn
2065,CDE,https://www.estimize.com/cde
2066,GRA,https://www.estimize.com/gra
2067,KRA,https://www.estimize.com/kra
2068,ESI,https://www.estimize.com/esi
2069,TROX,https://www.estimize.com/trox
2070,NGVT,https://www.estimize.com/ngvt
2071,AEM,https://www.estimize.com/aem
2072,AGI,https://www.estimize.com/agi
2073,HWKN,https://www.estimize.com/hwkn
2074,MEOH,https://www.estimize.com/meoh
2075,FRTA,https://www.estimize.com/frta
2076,NEM,https://www.estimize.com/nem
2077,AVNT,https://www.estimize.com/avnt
2078,LIN,https://www.estimize.com/lin
2079,ATI,https://www.estimize.com/ati
2080,EXP,https://www.estimize.com/exp
2081,CX,https://www.estimize.com/cx
2082,RS,https://www.estimize.com/rs
2083,CRS,https://www.estimize.com/crs
2084,ARD,https://www.estimize.com/ard
2085,X,https://www.estimize.com/x
2086,EMN,https://www.estimize.com/emn
2087,ATR,https://www.estimize.com/atr
2088,BVN,https://www.estimize.com/bvn
2089,SLCA,https://www.estimize.com/slca
2090,LYB,https://www.estimize.com/lyb
2091,HUN,https://www.estimize.com/hun
2092,BCPC,https://www.estimize.com/bcpc
2093,ASIX,https://www.estimize.com/asix
2094,VALE,https://www.estimize.com/vale
2095,SXC,https://www.estimize.com/sxc
2096,LXU,https://www.estimize.com/lxu
2097,MOS,https://www.estimize.com/mos
2098,HCR,https://www.estimize.com/hcr
2099,IPI,https://www.estimize.com/ipi
2100,BCC,https://www.estimize.com/bcc
2101,UAN,https://www.estimize.com/uan
2102,GSS,https://www.estimize.com/gss
2103,MLM,https://www.estimize.com/mlm
2104,LPX,https://www.estimize.com/lpx
2105,WLK,https://www.estimize.com/wlk
2106,SEE,https://www.estimize.com/see
2107,MTRN,https://www.estimize.com/mtrn
2108,GLT,https://www.estimize.com/glt
2109,IPHS,https://www.estimize.com/iphs
2110,DD,https://www.estimize.com/dd
2111,FMC,https://www.estimize.com/fmc
2112,AKS,https://www.estimize.com/aks
2113,AMCR,https://www.estimize.com/amcr
2114,NP,https://www.estimize.com/np
2115,CLW,https://www.estimize.com/clw
2116,RYAM,https://www.estimize.com/ryam
2117,IOSP,https://www.estimize.com/iosp
2118,SMG,https://www.estimize.com/smg
2119,CSTE,https://www.estimize.com/cste
2120,ALB,https://www.estimize.com/alb
2121,CF,https://www.estimize.com/cf
2122,CENX,https://www.estimize.com/cenx
2123,RGLD,https://www.estimize.com/rgld
2124,VVV,https://www.estimize.com/vvv
2125,SWM,https://www.estimize.com/swm
2126,SUM,https://www.estimize.com/sum
2127,RYI,https://www.estimize.com/ryi
2128,TREC,https://www.estimize.com/trec
2129,FNV,https://www.estimize.com/fnv
2130,CTVA,https://www.estimize.com/ctva
2131,SAND,https://www.estimize.com/sand
2132,KL,https://www.estimize.com/kl
2133,GOLD,https://www.estimize.com/gold
2134,VMC,https://www.estimize.com/vmc
2135,APD,https://www.estimize.com/apd
2136,HL,https://www.estimize.com/hl
2137,BLL,https://www.estimize.com/bll
2138,KOP,https://www.estimize.com/kop
2139,USCR,https://www.estimize.com/uscr
2140,UFS,https://www.estimize.com/ufs
2141,MYE,https://www.estimize.com/mye
2142,AG,https://www.estimize.com/ag
2143,KWR,https://www.estimize.com/kwr
2144,MTX,https://www.estimize.com/mtx
2145,TMST,https://www.estimize.com/tmst
2146,ZEUS,https://www.estimize.com/zeus
2147,CC,https://www.estimize.com/cc
2148,MP,https://www.estimize.com/mp
2149,KRO,https://www.estimize.com/kro
2150,WPM,https://www.estimize.com/wpm
2151,TG,https://www.estimize.com/tg
2152,TSE,https://www.estimize.com/tse
2153,AMRS,https://www.estimize.com/amrs
2154,IFF,https://www.estimize.com/iff
2155,CBT,https://www.estimize.com/cbt
2156,AVD,https://www.estimize.com/avd
2157,JHX,https://www.estimize.com/jhx
2158,WRK,https://www.estimize.com/wrk
2159,ASH,https://www.estimize.com/ash
2160,PAAS,https://www.estimize.com/paas
2161,KGC,https://www.estimize.com/kgc
2162,FSM,https://www.estimize.com/fsm
2163,NGD,https://www.estimize.com/ngd
2164,CMP,https://www.estimize.com/cmp
2165,GSM,https://www.estimize.com/gsm
2166,SQM,https://www.estimize.com/sqm
2167,BERY,https://www.estimize.com/bery
2168,HAYN,https://www.estimize.com/hayn
2169,GEF,https://www.estimize.com/gef
2170,WOR,https://www.estimize.com/wor
2171,CBB,https://www.estimize.com/cbb
2172,IRDM,https://www.estimize.com/irdm
2173,VZ,https://www.estimize.com/vz
2174,T,https://www.estimize.com/t
2175,ATNI,https://www.estimize.com/atni
2176,CNSL,https://www.estimize.com/cnsl
2177,SHEN,https://www.estimize.com/shen
2178,SBAC,https://www.estimize.com/sbac
2179,TMUS,https://www.estimize.com/tmus
2180,EGHT,https://www.estimize.com/eght
2181,TNAV,https://www.estimize.com/tnav
2182,ORBC,https://www.estimize.com/orbc
2183,LUMN,https://www.estimize.com/lumn
2184,ZAYO,https://www.estimize.com/zayo
2185,SPOK,https://www.estimize.com/spok
2186,VG,https://www.estimize.com/vg
2187,CCOI,https://www.estimize.com/ccoi
2188,BCE,https://www.estimize.com/bce
2189,USM,https://www.estimize.com/usm
2190,TDS,https://www.estimize.com/tds
2191,S,https://www.estimize.com/s
2192,RNG,https://www.estimize.com/rng
2193,FTR,https://www.estimize.com/ftr
2194,DGII,https://www.estimize.com/dgii
2195,SKM,https://www.estimize.com/skm
2196,CBB,https://www.estimize.com/cbb
2197,OOMA,https://www.estimize.com/ooma
2198,NEE,https://www.estimize.com/nee
2199,NWE,https://www.estimize.com/nwe
2200,DTE,https://www.estimize.com/dte
2201,EE,https://www.estimize.com/ee
2202,AEP,https://www.estimize.com/aep
2203,CMS,https://www.estimize.com/cms
2204,XEL,https://www.estimize.com/xel
2205,CWT,https://www.estimize.com/cwt
2206,IDA,https://www.estimize.com/ida
2207,FE,https://www.estimize.com/fe
2208,PNM,https://www.estimize.com/pnm
2209,POR,https://www.estimize.com/por
2210,PCG,https://www.estimize.com/pcg
2211,WTRG,https://www.estimize.com/wtrg
2212,AWR,https://www.estimize.com/awr
2213,OGS,https://www.estimize.com/ogs
2214,OTTR,https://www.estimize.com/ottr
2215,PEG,https://www.estimize.com/peg
2216,WEC,https://www.estimize.com/wec
2217,UTL,https://www.estimize.com/utl
2218,AWK,https://www.estimize.com/awk
2219,EIX,https://www.estimize.com/eix
2220,OKE,https://www.estimize.com/oke
2221,BKH,https://www.estimize.com/bkh
2222,ES,https://www.estimize.com/es
2223,EXC,https://www.estimize.com/exc
2224,ETR,https://www.estimize.com/etr
2225,EVRG,https://www.estimize.com/evrg
2226,NI,https://www.estimize.com/ni
2227,AVA,https://www.estimize.com/ava
2228,AES,https://www.estimize.com/aes
2229,ORA,https://www.estimize.com/ora
2230,SJI,https://www.estimize.com/sji
2231,MDU,https://www.estimize.com/mdu
2232,CPK,https://www.estimize.com/cpk
2233,AEE,https://www.estimize.com/aee
2234,SO,https://www.estimize.com/so
2235,DUK,https://www.estimize.com/duk
2236,PPL,https://www.estimize.com/ppl
2237,NRG,https://www.estimize.com/nrg
2238,CNP,https://www.estimize.com/cnp
2239,CWEN,https://www.estimize.com/cwen
2240,ALE,https://www.estimize.com/ale
2241,OGE,https://www.estimize.com/oge
2242,MGEE,https://www.estimize.com/mgee
2243,NFG,https://www.estimize.com/nfg
2244,ED,https://www.estimize.com/ed
2245,LNT,https://www.estimize.com/lnt
2246,VIA,https://www.estimize.com/via
2247,D,https://www.estimize.com/d
2248,PNW,https://www.estimize.com/pnw
2249,SRE,https://www.estimize.com/sre
2250,NWN,https://www.estimize.com/nwn
2251,BEP,https://www.estimize.com/bep
2252,ENB,https://www.estimize.com/enb
2253,PEGI,https://www.estimize.com/pegi
2254,SWX,https://www.estimize.com/swx
2255,BPL,https://www.estimize.com/bpl
2256,VSLR,https://www.estimize.com/vslr
2257,ATO,https://www.estimize.com/ato
2258,CWCO,https://www.estimize.com/cwco
2259,NJR,https://www.estimize.com/njr
2260,UGI,https://www.estimize.com/ugi
2261,SR,https://www.estimize.com/sr
